,,,Premature death,,,,,,,Poor or fair health,,,,Poor physical health days,,,,Poor mental health days,,,,Low birthweight,,,,,,,,Adult smoking,,,,Adult obesity,,,,Food environment index,,Physical inactivity,,,,Access to exercise opportunities,,Excessive drinking,,,,Alcohol-impaired driving deaths,,,,,,Sexually transmitted infections,,,Teen births,,,,,,,Uninsured,,,,,Primary care physicians,,,,Dentists,,,,Mental health providers,,,,Preventable hospital stays,,,,,Diabetes monitoring,,,,,,,Mammography screening,,,,,,,High school graduation,,,Some college,,,,,,Unemployment,,,,Children in poverty,,,,,,,Income inequality,,,,Children in single-parent households,,,,,,Social associations,,,Violent crime,,,Injury deaths,,,,,Air pollution - particulate matter,,Drinking water violations,,Severe housing problems,,,,,Driving alone to work,,,,,,,Long commute - driving alone,,,,,
FIPS,State,County,Years of Potential Life Lost Rate,95% CI - Low,95% CI - High,Z-Score,Years of Potential Life Lost Rate (Black),Years of Potential Life Lost Rate (Hispanic),Years of Potential Life Lost Rate (White),% Fair/Poor,95% CI - Low,95% CI - High,Z-Score,Physically Unhealthy Days,95% CI - Low,95% CI - High,Z-Score,Mentally Unhealthy Days,95% CI - Low,95% CI - High,Z-Score,Unreliable,% LBW,95% CI - Low,95% CI - High,Z-Score,% LBW (Black),% LBW (Hispanic),% LBW (White),% Smokers,95% CI - Low,95% CI - High,Z-Score,% Obese,95% CI - Low,95% CI - High,Z-Score,Food Environment Index,Z-Score,% Physically Inactive,95% CI - Low,95% CI - High,Z-Score,% With Access,Z-Score,% Excessive Drinking,95% CI - Low,95% CI - High,Z-Score,# Alcohol-Impaired Driving Deaths,# Driving Deaths,% Alcohol-Impaired,95% CI - Low,95% CI - High,Z-Score,# Chlamydia Cases,Chlamydia Rate,Z-Score,Teen Birth Rate,95% CI - Low,95% CI - High,Z-Score,Teen Birth Rate (Black),Teen Birth Rate (Hispanic),Teen Birth Rate (White),# Uninsured,% Uninsured,95% CI - Low,95% CI - High,Z-Score,# Primary Care Physicians,PCP Rate,PCP Ratio,Z-Score,# Dentists,Dentist Rate,Dentist Ratio,Z-Score,# Mental Health Providers,MHP Rate,MHP Ratio,Z-Score,# Medicare Enrollees,Preventable Hosp. Rate,95% CI - Low,95% CI - High,Z-Score,# Diabetics,% Receiving HbA1c,95% CI - Low,95% CI - High,Z-Score,% Receiving HbA1c (Black),% Receiving HbA1c (White),# Medicare Enrollees,% Mammography,95% CI - Low,95% CI - High,Z-Score,% Mammography (Black),% Mammography (White),Cohort Size,Graduation Rate,Z-Score,# Some College,Population,% Some College,95% CI - Low,95% CI - High,Z-Score,# Unemployed,Labor Force,% Unemployed,Z-Score,% Children in Poverty,95% CI - Low,95% CI - High,Z-Score,% Children in Poverty (Black),% Children in Poverty (Hispanic),% Children in Poverty (White),80th Percentile Income,20th Percentile Income,Income Ratio,Z-Score,# Single-Parent Households,# Households,% Single-Parent Households,95% CI - Low,95% CI - High,Z-Score,# Associations,Association Rate,Z-Score,# Violent Crimes,Violent Crime Rate,Z-Score,# Injury Deaths,Injury Death Rate,95% CI - Low,95% CI - High,Z-Score,Average Daily PM2.5,Z-Score,Presence of violation,Z-Score,# Households with Severe Problems,% Severe Housing Problems,95% CI - Low,95% CI - High,Z-Score,% Drive Alone,95% CI - Low,95% CI - High,Z-Score,% Drive Alone (Black),% Drive Alone (Hispanic),% Drive Alone (White),# Workers who Drive Alone,% Long Commute - Drives Alone,95% CI - Low,95% CI - High,Z-Score,
37000,North Carolina,,7281,7221,7341,,,,,18,16,19,,3.6,3.3,3.8,,3.9,3.7,4.2,,,9,9,9,,,,,18,17,19,,30,,,,6.4,,24,,,,76,,17,16,18,,2105,6702,31,31,32,,64376,647,,29,29,29,,,,,1080102,13,13,13,,7087,71,1417:1,,5549,55,1829:1,,21868,216,464:1,,720783,49,48,50,,131556,89,88,89,,1,1,87790,67.9,67.4,68.5,,66.7,68.2,109787,86,,1709123,2602144,65.7,65.3,66.1,,246377,4875712,5.1,,22,21,22,,,,,96815,20356,4.8,,809382,2264467,36,35,36,,11500,11.5,,33644,342,,33802,68,67,69,,9.1,,,,619445,17,16,17,,81,81,81,,,,,3609146,31,31,32,,
37001,North Carolina,Alamance,7804,7295,8314,-0.27,12252,3235,7223,20,19,20,0.27,3.8,3.7,4.0,-0.31,4.3,4.1,4.4,0.25,,10,9,10,0.21,15,8,8,19,18,19,0.01,33,28,38,0.37,7.1,0.12,26,22,30,-0.26,86,-0.92,16,15,16,-0.19,21,84,25,19,31,-0.42,1086,697,0.59,27,25,29,-0.70,36,53,19,18182,14,13,15,0.04,76,48,2083:1,0.20,73,46,2188:1,-0.17,201,126,794:1,0.23,8477,50,45,54,-0.31,1426,88,84,93,-0.08,87,89,948,67.8,62.6,73.1,-0.14,69.6,67.5,1835,83,0.70,23220,37862,61.3,58.4,64.3,-0.42,3737,78973,4.7,-0.77,24,20,28,-0.32,41,42,17,88234,18896,4.7,-0.08,13969,35474,39,36,43,0.14,166,10.5,0.72,615,396,0.81,540,69,63,75,-0.57,9.3,0.41,No,-0.71,10510,17,16,19,0.28,84,83,85,0.60,83,70,86,60184,31,30,33,-0.25,
37003,North Carolina,Alexander,7334,6388,8280,-0.58,6239,,7573,17,17,18,-0.40,3.9,3.7,4.1,-0.10,4.2,4.0,4.4,-0.04,,8,7,9,-0.75,13,,8,19,18,19,-0.08,32,27,39,0.19,8.0,-0.92,29,23,36,0.73,19,2.58,17,16,18,0.36,8,31,26,16,36,-0.34,72,193,-1.21,32,28,36,-0.21,25,32,32,3378,12,10,13,-1.05,7,19,5332:1,1.16,7,19,5347:1,0.88,13,35,2879:1,1.01,3077,47,39,54,-0.51,626,90,82,97,-0.30,91,89,356,66.3,57.8,74.8,0.14,78.9,65.6,422,87,-0.34,4031,9055,44.5,38.6,50.4,1.41,767,17910,4.3,-1.15,23,18,28,-0.43,33,74,25,79998,16935,4.7,0.01,2410,7946,30,23,37,-0.84,60,16.1,-0.75,48,130,-0.97,159,86,72,99,0.41,9.6,0.83,No,-0.71,1855,14,11,16,-1.04,87,84,91,1.35,,,,13338,36,32,40,0.24,
37005,North Carolina,Alleghany,8720,6504,10936,0.31,,,,19,18,20,0.05,4.0,3.8,4.2,0.18,4.3,4.0,4.5,0.15,,8,6,11,-0.56,,,,19,18,19,-0.11,28,22,35,-0.82,8.2,-1.15,26,19,33,-0.23,67,0.06,15,14,15,-0.64,2,9,22,6,42,-0.69,23,211,-1.14,41,33,51,0.66,,78,38,1466,18,16,20,1.87,13,120,834:1,-2.18,2,18,5424:1,0.89,24,221,452:1,-0.59,1312,68,54,82,0.93,245,91,79,100,-0.65,,,153,68.6,55.5,81.8,-0.29,,,103,88,-0.45,1044,2142,48.7,40.6,56.9,0.95,248,4461,5.6,-0.07,35,26,43,1.20,,65,24,74509,17197,4.3,-0.68,730,1954,37,23,52,-0.08,16,14.8,-0.41,15,137,-0.92,45,83,60,111,0.24,8.3,-0.99,No,-0.71,645,14,9,18,-1.02,80,75,85,-0.55,,,,3467,32,26,39,-0.16,
37007,North Carolina,Anson,10502,8977,12028,1.46,12647,,8821,23,22,24,1.19,4.3,4.2,4.5,0.97,4.3,4.2,4.5,0.34,,11,10,13,1.39,14,,8,22,21,23,1.40,35,28,42,0.81,6.3,1.04,29,23,35,0.59,60,0.44,15,14,15,-0.66,5,26,19,10,31,-0.97,198,769,0.84,46,41,52,1.11,59,75,24,2569,14,12,15,-0.17,11,43,2342:1,0.37,6,24,4241:1,0.69,22,86,1157:1,0.57,2190,60,50,70,0.39,524,88,80,96,0.10,84,90,263,60.5,51.1,69.9,1.23,61.2,59.9,275,85,0.14,3138,6916,45.4,39.3,51.5,1.32,621,10777,5.8,0.10,36,27,45,1.35,43,63,12,70318,14522,4.8,0.22,2384,5210,46,38,54,0.84,29,11.3,0.52,119,514,1.59,102,79,64,94,0.01,9.5,0.69,No,-0.71,1580,17,13,20,0.04,85,82,87,0.66,78,,90,8395,39,34,45,0.60,
37009,North Carolina,Ashe,8310,6919,9701,0.05,,,,17,16,17,-0.60,3.8,3.6,4.0,-0.29,4.1,3.9,4.4,-0.29,,9,7,10,-0.41,,9,9,17,16,18,-0.82,30,24,36,-0.38,8.0,-0.92,25,19,32,-0.43,59,0.51,16,15,17,-0.06,5,24,21,11,33,-0.82,25,92,-1.57,38,32,44,0.34,,57,37,3538,17,15,19,1.47,13,48,2078:1,0.19,8,30,3366:1,0.45,38,141,709:1,0.10,3083,68,59,77,0.93,511,93,84,100,-0.87,,,340,65.6,57.0,74.2,0.27,,,222,86,-0.10,3396,6019,56.4,49.0,63.8,0.11,606,12559,4.8,-0.69,26,19,33,-0.04,,39,27,74590,15707,4.7,0.06,1690,4769,35,27,44,-0.28,31,11.5,0.46,21,78,-1.32,102,75,61,90,-0.19,8.2,-1.13,Yes,1.39,1690,14,12,17,-0.73,79,74,83,-0.86,,,,8995,41,35,47,0.75,
37011,North Carolina,Avery,7297,5757,8836,-0.60,,,,18,17,18,-0.30,3.9,3.7,4.1,-0.06,4.2,3.9,4.4,-0.19,,9,7,11,-0.34,,,,19,18,20,0.02,28,22,35,-1.00,8.3,-1.26,26,19,33,-0.34,100,-1.68,18,17,18,0.81,4,12,33,18,49,0.39,17,96,-1.55,24,20,30,-0.94,,56,24,2052,18,15,20,1.59,6,34,2948:1,0.66,4,23,4379:1,0.72,64,365,274:1,-1.82,2225,79,67,91,1.66,319,85,75,95,0.56,,,264,61.0,51.6,70.4,1.14,,,187,92,-1.43,2408,4569,52.7,45.5,59.9,0.52,386,7650,5.0,-0.50,30,22,38,0.57,,65,15,78886,15949,4.9,0.41,742,2692,28,18,37,-1.14,35,19.8,-1.73,24,139,-0.91,75,85,67,106,0.38,8.3,-0.99,No,-0.71,1010,14,10,18,-0.84,79,74,85,-0.70,,,,5078,34,27,41,0.02,
37013,North Carolina,Beaufort,9575,8458,10693,0.86,12446,,9154,19,18,19,-0.01,3.9,3.8,4.1,-0.01,4.1,4.0,4.3,-0.26,,10,9,11,0.38,15,5,8,18,17,19,-0.35,35,29,41,0.83,7.3,-0.11,27,21,33,-0.03,61,0.41,16,15,16,-0.25,14,46,30,23,38,0.11,273,574,0.15,40,36,45,0.56,57,68,27,4939,13,12,15,-0.29,23,48,2072:1,0.19,17,36,2796:1,0.22,51,107,932:1,0.39,6283,43,37,48,-0.78,1156,89,83,94,-0.11,88,89,792,72.9,66.9,78.8,-1.08,71.3,73.3,523,84,0.37,5529,10000,55.3,50.0,60.6,0.23,1162,20429,5.7,0.04,31,22,39,0.65,41,21,11,83753,16244,5.2,0.78,3524,10025,35,29,41,-0.32,62,13.0,0.06,154,329,0.36,238,100,87,113,1.28,8.6,-0.57,No,-0.71,2970,16,13,18,-0.25,87,84,90,1.22,85,,85,16290,34,30,37,-0.01,
37015,North Carolina,Bertie,9781,7978,11584,0.99,11563,,7052,24,23,24,1.37,4.3,4.1,4.4,0.82,4.2,4.1,4.4,0.05,,12,11,14,2.08,14,,8,20,19,20,0.39,37,30,45,1.40,6.3,1.04,30,23,36,0.76,33,1.83,13,12,13,-1.63,9,34,26,17,36,-0.28,201,1000,1.66,40,34,46,0.49,46,,23,1843,13,11,14,-0.65,5,25,4040:1,0.97,2,10,9927:1,1.21,8,40,2482:1,0.96,2359,58,49,67,0.25,554,88,80,96,0.04,87,90,290,75.5,65.5,85.5,-1.58,79.7,71.1,221,85,0.14,1952,4777,40.9,33.6,48.1,1.81,568,8537,6.7,0.86,35,25,44,1.22,51,,7,63622,13275,4.8,0.14,1602,3665,44,32,55,0.61,57,28.2,-3.00,32,154,-0.81,78,77,61,96,-0.09,8.4,-0.85,No,-0.71,1610,21,17,25,1.65,80,75,85,-0.55,76,,85,5598,28,22,34,-0.56,
37017,North Carolina,Bladen,11524,10145,12903,2.11,13682,,10218,24,23,25,1.53,4.5,4.3,4.7,1.45,4.6,4.4,4.8,1.25,,10,9,12,0.86,17,8,7,21,21,22,1.13,38,32,45,1.76,6.6,0.69,32,26,39,1.47,36,1.72,13,13,14,-1.42,14,53,26,19,34,-0.28,191,551,0.07,38,33,42,0.30,34,52,36,4530,17,15,18,1.12,7,20,4903:1,1.11,12,36,2812:1,0.23,20,59,1687:1,0.80,2756,80,70,91,1.76,746,88,81,95,0.01,87,89,357,59.4,51.4,67.4,1.43,66.3,56.6,375,77,2.02,4406,7829,56.3,49.0,63.5,0.13,1020,14723,6.9,1.09,35,28,43,1.28,58,75,21,68382,11235,6.1,2.43,4055,7371,55,46,64,1.84,47,13.7,-0.12,91,260,-0.10,174,101,86,116,1.33,9.1,0.13,No,-0.71,2870,20,16,24,1.25,82,78,86,0.04,74,64,87,10282,34,29,38,-0.02,
37019,North Carolina,Brunswick,8148,7481,8815,-0.05,7809,,8723,16,16,17,-0.77,3.8,3.6,3.9,-0.45,3.9,3.8,4.1,-0.93,,9,8,9,-0.41,12,6,9,15,15,16,-1.60,28,24,32,-0.92,7.6,-0.46,21,17,25,-1.75,77,-0.44,15,15,16,-0.37,28,81,35,29,40,0.51,355,299,-0.83,33,30,35,-0.16,31,52,31,12892,15,13,16,0.28,63,51,1949:1,0.09,45,35,2821:1,0.23,99,78,1282:1,0.64,19244,45,42,49,-0.59,3417,92,89,96,-0.83,93,92,2743,79.2,75.9,82.6,-2.27,73.7,79.6,938,83,0.61,14500,24296,59.7,55.7,63.7,-0.24,3158,49758,6.3,0.60,23,17,29,-0.40,49,42,22,94060,21224,4.4,-0.50,7631,20393,37,32,43,-0.07,109,8.9,1.15,191,171,-0.70,473,79,72,87,0.04,8.7,-0.43,Yes,1.39,8150,17,15,19,0.16,80,78,82,-0.59,86,59,81,36222,31,29,33,-0.29,
37021,North Carolina,Buncombe,7136,6745,7526,-0.70,12366,2735,7140,15,14,15,-1.15,3.5,3.3,3.6,-1.22,3.8,3.7,4.0,-1.22,,8,8,8,-0.87,15,6,8,16,16,17,-1.05,23,19,26,-2.26,7.5,-0.34,19,16,22,-2.24,84,-0.84,17,16,18,0.49,34,150,23,19,27,-0.64,1038,414,-0.42,24,23,26,-0.95,49,38,20,27018,13,12,15,-0.28,358,141,707:1,-2.89,187,73,1369:1,-1.22,1326,518,193:1,-3.13,23766,34,31,36,-1.37,3003,90,87,94,-0.45,88,91,2884,67.6,64.6,70.7,-0.11,65.0,67.7,2241,85,0.14,47039,66815,70.4,67.8,73.0,-1.42,5183,134843,3.8,-1.52,19,15,24,-0.93,35,49,15,93076,20883,4.5,-0.46,15577,47979,32,29,36,-0.61,337,13.3,-0.02,599,243,-0.22,1020,81,77,87,0.17,8.9,-0.15,Yes,1.39,15985,16,15,17,-0.25,80,79,81,-0.53,79,76,81,93657,18,17,19,-1.64,
37023,North Carolina,Burke,9219,8473,9965,0.63,9145,,9859,16,16,17,-0.65,3.9,3.7,4.1,-0.05,4.1,3.9,4.3,-0.30,,8,7,9,-0.93,13,4,8,20,19,21,0.44,32,27,37,0.11,6.8,0.46,26,21,31,-0.26,65,0.17,16,15,17,-0.12,9,56,16,10,23,-1.28,304,340,-0.69,36,33,39,0.16,29,55,37,10867,15,14,17,0.60,47,53,1890:1,0.04,38,43,2338:1,-0.05,219,246,406:1,-0.80,7044,49,44,55,-0.32,1336,88,83,93,0.08,88,88,774,67.6,61.8,73.4,-0.10,63.6,67.7,1022,90,-1.04,10573,20682,51.1,47.5,54.7,0.69,1950,40123,4.9,-0.66,27,21,32,0.07,44,66,25,75115,16401,4.6,-0.24,7245,17388,42,35,48,0.39,134,15.1,-0.49,156,175,-0.67,425,95,86,104,0.98,9.6,0.83,No,-0.71,4770,14,12,15,-0.95,86,85,88,1.05,89,62,86,30939,23,21,26,-1.08,
37025,North Carolina,Cabarrus,6415,6012,6818,-1.16,8421,2880,6607,14,14,14,-1.34,3.5,3.3,3.6,-1.21,3.8,3.7,4.0,-1.29,,9,8,9,-0.26,15,7,8,17,16,17,-0.88,31,27,35,-0.12,7.7,-0.57,23,19,27,-1.05,81,-0.67,17,17,18,0.62,30,95,32,26,37,0.22,897,467,-0.23,25,24,27,-0.85,31,52,19,18785,11,10,12,-1.37,179,91,1099:1,-1.22,86,43,2344:1,-0.05,492,244,410:1,-0.78,11972,56,52,60,0.12,2264,90,86,93,-0.29,86,90,1421,71.2,66.8,75.6,-0.78,70.1,71.3,2584,89,-0.87,36262,51963,69.8,67.0,72.6,-1.35,4577,101069,4.5,-0.94,16,13,19,-1.39,22,42,9,109114,26928,4.1,-1.18,13214,50160,26,23,29,-1.27,214,10.9,0.62,210,113,-1.09,609,63,58,68,-0.92,10.4,1.94,Yes,1.39,9440,14,13,16,-0.74,83,82,85,0.31,82,73,85,75613,42,40,44,0.84,
37027,North Carolina,Caldwell,9504,8690,10319,0.82,9810,6279,9706,17,16,17,-0.57,3.8,3.6,4.0,-0.31,4.2,4.0,4.4,-0.06,,10,9,11,0.41,16,9,10,18,18,19,-0.17,33,28,39,0.44,6.4,0.92,27,22,34,0.11,77,-0.46,17,17,18,0.65,24,46,52,46,58,2.21,232,285,-0.88,42,39,45,0.73,47,50,42,9948,15,13,17,0.48,37,46,2197:1,0.28,23,28,3541:1,0.51,52,64,1566:1,0.76,6505,51,46,57,-0.20,1331,89,84,94,-0.14,85,89,813,65.6,60.0,71.1,0.28,64.1,65.6,943,91,-1.28,10137,19081,53.1,49.0,57.2,0.47,1870,36070,5.2,-0.39,23,17,28,-0.47,34,39,20,73196,15855,4.6,-0.18,5556,17128,32,27,38,-0.61,106,13.0,0.05,121,147,-0.85,351,86,77,95,0.44,9.5,0.69,No,-0.71,4750,15,13,17,-0.46,83,82,85,0.32,84,78,83,27699,31,28,34,-0.30,
37029,North Carolina,Camden,5420,3877,6963,-1.80,4276,,5411,14,13,14,-1.44,3.4,3.2,3.5,-1.47,3.8,3.6,4.0,-1.39,,8,6,10,-1.16,15,,7,16,15,17,-1.23,31,24,39,-0.10,8.5,-1.49,23,17,30,-1.05,38,1.59,18,17,19,1.09,0,8,0,0,23,-2.83,34,329,-0.72,13,9,19,-1.99,,,,946,11,9,12,-1.46,2,19,5155:1,1.14,,,,0.00,4,38,2605:1,0.98,939,57,42,73,0.20,217,89,77,100,-0.25,95,88,104,71.2,54.9,87.4,-0.77,,,157,88,-0.45,1875,2517,74.5,63.6,85.4,-1.86,243,4636,5.2,-0.34,11,8,14,-2.11,,,,102031,24699,4.1,-1.04,742,2425,31,19,42,-0.81,11,10.7,0.67,6,62,-1.42,44,86,62,115,0.42,8.1,-1.27,No,-0.71,475,13,9,17,-1.17,90,86,94,2.10,,,,4019,44,36,52,1.09,
37031,North Carolina,Carteret,7710,6918,8502,-0.33,8845,,7825,14,14,15,-1.30,3.5,3.4,3.7,-1.00,3.9,3.8,4.1,-0.91,,7,7,8,-1.32,14,6,7,18,17,18,-0.50,26,21,32,-1.39,7.6,-0.46,22,17,27,-1.42,86,-0.92,18,17,19,1.08,13,36,36,27,45,0.66,254,369,-0.58,25,22,27,-0.93,33,44,23,6994,13,12,15,-0.36,56,81,1230:1,-0.90,51,74,1351:1,-1.26,95,138,725:1,0.13,8218,44,39,49,-0.69,1757,89,84,93,-0.08,92,88,1229,71.9,67.2,76.7,-0.91,73.2,71.9,619,86,-0.10,10553,15307,68.9,65.0,72.9,-1.26,1637,31737,5.2,-0.41,18,13,23,-1.14,44,24,16,95483,21456,4.5,-0.47,4178,12478,33,29,38,-0.50,99,14.4,-0.30,197,289,0.09,282,82,73,92,0.22,7.9,-1.55,Yes,1.39,4675,16,14,18,-0.18,80,78,81,-0.67,77,64,80,23973,31,28,33,-0.31,
37033,North Carolina,Caswell,7853,6517,9190,-0.24,7420,,8298,19,19,20,0.22,3.9,3.8,4.1,-0.06,4.2,4.1,4.4,0.07,,10,8,11,0.44,14,,8,19,19,20,0.18,34,27,40,0.52,7.1,0.12,31,24,38,1.16,39,1.57,15,15,16,-0.35,14,22,64,56,71,3.32,119,516,-0.06,29,24,34,-0.53,27,38,29,2217,13,11,15,-0.51,3,13,7647:1,1.35,4,17,5728:1,0.93,3,13,7637:1,1.20,1345,58,46,71,0.28,321,90,79,100,-0.32,88,91,156,68.6,55.6,81.6,-0.29,58.8,73.3,197,78,1.90,2583,5253,49.2,42.5,55.9,0.90,530,9729,5.4,-0.16,30,22,37,0.47,45,,26,72287,16091,4.5,-0.40,1577,4375,36,27,45,-0.22,36,15.7,-0.65,50,216,-0.40,98,85,69,104,0.38,9.0,-0.01,No,-0.71,1385,16,13,19,-0.12,78,74,82,-1.09,89,,78,6971,52,46,59,1.97,
37035,North Carolina,Catawba,8356,7830,8881,0.08,12771,2530,8665,19,18,19,-0.04,3.7,3.6,3.9,-0.51,4.1,3.9,4.3,-0.43,,9,8,9,-0.28,17,6,8,17,16,18,-0.78,30,26,35,-0.30,7.6,-0.46,27,23,31,0.05,66,0.11,17,16,18,0.45,37,108,34,29,39,0.48,575,372,-0.57,34,32,36,-0.01,49,57,29,17832,14,13,15,-0.05,107,69,1449:1,-0.50,79,50,1980:1,-0.35,294,188,532:1,-0.30,13390,35,32,38,-1.28,2447,90,87,94,-0.42,89,90,1591,66.4,62.4,70.4,0.13,50.0,67.1,1828,90,-1.01,21497,37602,57.2,54.0,60.4,0.03,3640,76722,4.7,-0.76,18,14,23,-1.11,37,46,16,88861,20566,4.3,-0.70,11076,35346,31,27,35,-0.73,223,14.4,-0.31,429,277,0.01,646,83,77,90,0.28,10.0,1.38,No,-0.71,8020,14,12,15,-0.97,85,84,86,0.82,84,77,87,59222,24,22,26,-1.03,
37037,North Carolina,Chatham,6195,5398,6992,-1.31,10266,3819,6091,15,14,16,-1.05,3.5,3.3,3.6,-1.17,4.0,3.8,4.1,-0.83,,9,8,10,-0.28,14,7,8,15,15,16,-1.62,26,21,31,-1.51,8.5,-1.49,25,20,30,-0.60,65,0.18,16,15,17,0.03,15,57,26,19,34,-0.29,218,317,-0.77,24,22,27,-0.96,25,52,16,7980,15,14,17,0.46,64,90,1108:1,-1.20,34,47,2125:1,-0.22,66,91,1095:1,0.53,3929,31,26,37,-1.55,458,90,81,98,-0.32,87,90,420,69.8,61.8,77.7,-0.51,58.7,71.1,677,88,-0.47,9287,14623,63.5,58.3,68.7,-0.66,1451,34224,4.2,-1.18,17,13,21,-1.21,25,36,13,121573,22680,5.4,1.14,4449,13825,32,27,37,-0.64,67,9.4,1.00,116,174,-0.67,196,57,49,65,-1.30,9.0,-0.01,No,-0.71,3990,15,13,17,-0.49,78,76,80,-1.04,79,75,74,22632,46,42,49,1.25,
37039,North Carolina,Cherokee,10971,9289,12654,1.76,,,,18,18,19,-0.10,3.9,3.8,4.1,0.02,4.5,4.3,4.7,0.94,,10,9,12,0.82,,,,18,17,19,-0.27,28,22,34,-0.92,7.8,-0.69,31,24,39,1.19,99,-1.60,15,14,16,-0.59,8,28,29,19,39,-0.07,36,133,-1.42,36,31,42,0.16,,,,2939,15,13,17,0.44,13,48,2091:1,0.20,9,32,3101:1,0.36,37,133,754:1,0.17,3754,50,42,57,-0.29,707,86,79,93,0.44,,,449,68.4,60.7,76.0,-0.25,,,267,93,-1.75,3061,5229,58.5,50.3,66.8,-0.12,628,11134,5.6,0.00,31,23,40,0.74,,36,27,69637,15894,4.4,-0.59,1806,4864,37,28,46,-0.10,37,13.6,-0.10,53,195,-0.54,137,100,84,117,1.30,8.7,-0.43,No,-0.71,1295,12,10,15,-1.47,83,78,87,0.15,,,,7741,26,21,31,-0.79,
37041,North Carolina,Chowan,8842,6981,10703,0.39,8639,,8730,21,21,22,0.79,4.1,4.0,4.3,0.44,4.4,4.2,4.5,0.49,,10,9,12,0.85,13,,8,19,19,20,0.26,33,27,40,0.32,5.8,1.61,29,24,35,0.56,53,0.81,14,14,15,-1.01,2,7,29,9,50,-0.07,99,679,0.52,41,33,48,0.58,63,,23,1524,14,12,16,-0.06,10,69,1439:1,-0.51,5,35,2877:1,0.26,9,63,1598:1,0.77,2070,49,40,59,-0.32,400,86,77,95,0.46,86,85,273,69.2,59.4,79.1,-0.41,70.7,68.7,197,83,0.72,1586,3256,48.7,39.2,58.2,0.95,360,5648,6.4,0.62,31,23,40,0.72,63,,15,85258,16455,5.2,0.82,1565,3050,51,41,62,1.44,23,16.0,-0.73,47,316,0.27,53,73,55,95,-0.35,8.1,-1.27,Yes,1.39,1435,24,18,29,2.64,79,74,84,-0.77,65,,84,4272,42,34,50,0.84,
37043,North Carolina,Clay,7382,5192,9573,-0.54,,,,17,16,18,-0.52,3.9,3.7,4.1,-0.16,4.2,4.0,4.4,0.01,,8,6,10,-1.11,,,,18,17,18,-0.57,28,23,35,-0.82,8.0,-0.92,27,20,36,-0.09,100,-1.67,15,14,15,-0.72,2,9,22,6,42,-0.69,11,104,-1.52,30,22,39,-0.46,,,,1137,15,13,17,0.46,5,47,2141:1,0.24,7,64,1559:1,-0.88,10,92,1092:1,0.53,1697,36,27,46,-1.21,274,89,78,100,-0.11,,,229,73.8,62.7,84.9,-1.26,,,77,83,0.72,1249,2063,60.5,43.3,77.8,-0.34,218,4073,5.4,-0.24,28,20,35,0.19,,,,69477,16868,4.1,-1.06,575,1927,30,16,43,-0.89,17,15.9,-0.70,24,225,-0.33,54,101,76,132,1.34,8.3,-0.99,No,-0.71,810,19,13,24,0.79,89,85,93,1.82,,,,3619,28,18,37,-0.65,
37045,North Carolina,Cleveland,9677,8969,10386,0.93,12485,,9154,18,17,19,-0.23,4.0,3.8,4.1,0.06,4.4,4.2,4.6,0.67,,10,9,11,0.52,16,7,8,21,20,22,1.06,33,27,38,0.29,6.9,0.35,30,25,35,0.87,61,0.40,16,15,16,-0.26,28,90,31,26,37,0.17,574,591,0.21,39,36,41,0.41,54,37,34,10339,13,12,15,-0.37,50,52,1938:1,0.08,36,37,2698:1,0.17,110,113,883:1,0.34,9092,44,40,49,-0.67,2074,90,86,94,-0.36,87,91,1112,66.6,61.8,71.4,0.08,74.6,65.2,1217,87,-0.34,12070,22248,54.3,50.4,58.1,0.35,2572,46944,5.5,-0.14,28,22,34,0.22,49,47,22,76621,15200,5.0,0.58,9199,21435,43,37,49,0.53,183,18.9,-1.49,199,208,-0.45,447,92,84,101,0.80,10.2,1.66,No,-0.71,6025,16,14,18,-0.11,85,84,87,0.81,84,79,85,33612,29,27,32,-0.45,
37047,North Carolina,Columbus,11463,10437,12489,2.07,13805,,10953,23,23,24,1.27,4.5,4.4,4.7,1.45,4.6,4.4,4.7,1.14,,11,10,12,1.28,16,6,9,21,20,22,1.07,33,28,39,0.42,7.0,0.23,27,22,32,0.03,42,1.37,15,14,16,-0.54,29,102,28,23,34,-0.09,335,588,0.20,45,41,49,0.98,49,87,38,6683,15,14,17,0.57,18,32,3150:1,0.74,13,23,4347:1,0.71,67,119,843:1,0.29,5828,66,59,72,0.78,1584,89,84,94,-0.20,89,89,776,63.1,57.6,68.7,0.73,68.2,61.4,641,85,0.17,7455,13517,55.2,50.4,59.9,0.25,1458,22778,6.4,0.64,36,28,44,1.36,52,50,20,76608,13722,5.6,1.54,5564,12379,45,39,51,0.75,54,9.5,0.98,250,443,1.12,291,102,90,114,1.40,9.1,0.13,Yes,1.39,4095,19,16,21,0.75,87,86,89,1.30,85,,90,17524,34,30,37,0.01,
37049,North Carolina,Craven,8257,7625,8889,0.02,11270,,7935,17,16,17,-0.60,3.8,3.7,3.9,-0.35,4.1,4.0,4.3,-0.31,,8,8,9,-0.82,13,6,7,17,17,18,-0.66,30,25,35,-0.48,7.0,0.23,26,21,31,-0.31,81,-0.66,18,17,19,1.00,26,75,35,29,41,0.52,814,779,0.88,44,41,47,0.91,52,53,38,9499,12,10,13,-1.02,75,72,1379:1,-0.61,56,54,1847:1,-0.49,199,192,520:1,-0.34,12140,33,30,36,-1.44,2325,91,87,95,-0.63,89,92,1464,80.8,76.2,85.4,-2.57,76.6,81.7,1011,85,0.14,16141,25264,63.9,59.8,68.0,-0.70,2198,41857,5.3,-0.33,23,17,28,-0.47,47,31,12,89686,21188,4.2,-0.86,8284,23001,36,32,40,-0.22,117,11.3,0.51,287,274,-0.01,408,78,71,86,-0.02,8.8,-0.29,No,-0.71,6320,16,14,18,-0.21,82,80,83,-0.15,80,67,84,37812,25,23,28,-0.88,
37051,North Carolina,Cumberland,9087,8725,9449,0.55,10998,4744,8680,22,22,23,1.00,4.0,3.8,4.1,0.05,4.3,4.2,4.4,0.26,,10,9,10,0.33,14,7,7,18,17,18,-0.43,33,30,37,0.50,6.0,1.38,25,23,28,-0.40,79,-0.57,16,16,17,0.07,77,240,32,29,35,0.27,3868,1185,2.32,38,37,40,0.36,39,39,37,30120,11,10,12,-1.47,240,74,1349:1,-0.67,315,96,1038:1,-2.12,911,278,359:1,-1.08,19631,52,49,55,-0.14,4147,84,82,87,0.73,84,85,2275,63.2,59.9,66.5,0.72,62.5,63.6,3995,82,0.84,67543,93634,72.1,70.3,73.9,-1.60,8095,127861,6.3,0.58,27,23,31,0.15,36,23,18,85377,20556,4.2,-1.00,35243,83004,42,40,45,0.48,298,9.2,1.06,1770,541,1.77,1203,74,70,78,-0.28,9.5,0.69,No,-0.71,20245,17,16,17,0.05,82,81,83,0.00,84,79,85,117604,23,22,23,-1.18,
37053,North Carolina,Currituck,7047,5845,8249,-0.76,9576,,6607,14,13,14,-1.36,3.5,3.3,3.7,-1.08,3.9,3.7,4.1,-1.16,,6,5,8,-1.97,14,,6,17,17,18,-0.66,28,22,34,-1.00,8.4,-1.38,22,16,29,-1.25,71,-0.14,19,18,20,1.52,5,24,21,11,33,-0.82,87,348,-0.66,25,21,29,-0.87,,,,2608,12,11,14,-0.81,6,24,4211:1,1.00,5,19,5162:1,0.85,9,35,2868:1,1.01,2399,57,46,67,0.16,453,85,77,94,0.57,77,86,285,62.5,53.3,71.6,0.86,,,294,90,-1.04,3626,5776,62.8,55.6,70.0,-0.58,668,12941,5.2,-0.40,16,11,20,-1.45,48,20,11,109543,28411,3.9,-1.52,1384,5493,25,18,32,-1.40,31,12.3,0.25,38,157,-0.79,84,67,54,84,-0.67,8.0,-1.41,Yes,1.39,1370,15,12,18,-0.51,84,81,87,0.54,,,,10087,62,56,68,2.95,
37055,North Carolina,Dare,6723,5721,7725,-0.97,,,,14,13,15,-1.34,3.3,3.2,3.5,-1.54,3.7,3.6,3.9,-1.60,,6,5,7,-2.15,19,3,6,16,16,17,-1.05,25,20,29,-1.80,7.8,-0.69,25,20,30,-0.57,71,-0.13,18,17,19,1.12,2,19,11,2,24,-1.82,110,313,-0.78,21,17,24,-1.31,,54,18,4204,15,13,16,0.28,21,59,1698:1,-0.16,23,64,1564:1,-0.87,56,156,642:1,-0.02,4508,28,23,33,-1.76,627,85,77,92,0.70,76,85,592,67.2,60.6,73.8,-0.03,,,370,94,-1.98,5710,8306,68.7,62.8,74.7,-1.23,1353,20069,6.7,0.93,18,13,22,-1.18,,4,9,97709,27501,3.6,-2.06,2089,6879,30,22,38,-0.83,53,14.9,-0.43,90,257,-0.12,124,70,58,83,-0.50,7.4,-2.24,No,-0.71,2555,17,14,20,0.28,80,77,83,-0.61,66,53,80,14400,19,16,22,-1.55,
37057,North Carolina,Davidson,8705,8189,9221,0.30,10703,4009,8934,17,17,18,-0.40,4.0,3.8,4.2,0.16,4.3,4.1,4.5,0.22,,10,9,10,0.19,13,7,9,18,18,19,-0.25,30,26,35,-0.30,7.6,-0.46,28,24,32,0.28,65,0.19,18,17,18,0.77,49,149,33,29,37,0.35,744,454,-0.28,34,32,36,-0.03,42,54,31,18049,13,12,15,-0.32,42,26,3920:1,0.94,35,21,4712:1,0.78,142,86,1161:1,0.57,7230,58,52,63,0.25,1278,89,84,94,-0.18,88,89,863,62.6,57.3,67.9,0.84,65.1,62.4,2023,83,0.72,22536,39138,57.6,54.4,60.8,-0.02,3853,79790,4.8,-0.69,22,18,26,-0.57,47,38,18,85268,20417,4.2,-0.96,12093,36785,33,29,37,-0.56,174,10.6,0.70,312,192,-0.55,623,76,70,82,-0.16,10.2,1.66,No,-0.71,9805,15,14,16,-0.42,85,84,87,0.85,82,70,84,59715,32,30,34,-0.17,
37059,North Carolina,Davie,6681,5722,7639,-0.99,8040,,6869,16,15,16,-0.87,3.6,3.4,3.7,-0.93,3.8,3.6,4.0,-1.28,,9,8,10,-0.48,16,8,8,16,15,17,-1.23,32,26,39,0.11,8.4,-1.38,29,23,35,0.68,63,0.28,17,16,17,0.34,7,28,25,15,36,-0.42,138,333,-0.71,26,23,30,-0.76,27,48,24,4343,13,11,15,-0.49,17,41,2456:1,0.44,16,38,2626:1,0.13,20,48,2101:1,0.90,2622,43,35,51,-0.76,444,92,83,100,-0.79,83,93,308,68.8,59.6,78.1,-0.33,,,468,85,0.14,5086,9061,56.1,49.5,62.8,0.14,911,20154,4.5,-0.95,17,13,22,-1.21,30,45,18,98648,22782,4.3,-0.68,2590,9151,28,21,36,-1.06,44,10.5,0.71,68,167,-0.73,173,83,71,96,0.27,9.9,1.25,No,-0.71,2045,13,11,15,-1.34,83,81,85,0.22,,72,82,15219,39,34,43,0.53,
37061,North Carolina,Duplin,7623,6815,8432,-0.39,10561,2943,8356,28,27,28,2.54,4.7,4.6,4.9,1.95,4.7,4.5,4.9,1.66,,8,8,9,-0.67,13,6,8,22,22,23,1.57,36,29,42,1.06,7.8,-0.69,32,26,38,1.33,45,1.24,14,13,14,-1.25,24,69,35,29,41,0.53,254,424,-0.39,43,39,46,0.78,49,57,30,10494,21,19,23,3.30,14,24,4226:1,1.00,14,24,4212:1,0.68,37,63,1594:1,0.77,4226,45,39,52,-0.59,1498,88,84,93,-0.04,87,89,798,62.3,56.8,67.8,0.89,59.4,63.3,615,83,0.61,6056,14244,42.5,38.1,47.0,1.63,1430,26718,5.4,-0.24,31,23,39,0.68,54,52,24,72881,14451,5.0,0.58,6016,14419,42,35,49,0.40,63,10.6,0.68,173,288,0.09,199,67,58,76,-0.71,9.1,0.13,No,-0.71,3995,18,16,21,0.61,76,72,80,-1.53,71,57,83,18336,36,32,40,0.27,
37063,North Carolina,Durham,6133,5818,6447,-1.35,9004,3934,4720,17,17,17,-0.50,3.5,3.4,3.7,-0.97,4.0,3.9,4.1,-0.74,,9,9,9,-0.21,13,7,7,16,15,16,-1.29,26,23,29,-1.31,6.8,0.46,20,18,23,-1.84,92,-1.23,17,17,18,0.63,37,120,31,26,36,0.15,2760,937,1.44,27,26,28,-0.69,30,65,8,35020,14,12,15,-0.14,367,122,820:1,-2.25,219,72,1398:1,-1.16,1643,537,186:1,-3.29,15889,35,32,38,-1.28,2357,91,87,95,-0.53,90,92,1844,69.0,65.2,72.8,-0.37,66.2,70.6,2630,81,1.01,70550,95851,73.6,71.3,75.9,-1.76,7230,160846,4.5,-0.97,24,20,28,-0.33,33,41,6,110727,22388,4.9,0.41,27410,64046,43,40,46,0.51,314,10.4,0.74,1746,613,2.26,755,51,48,55,-1.63,9.4,0.55,No,-0.71,20875,18,17,19,0.70,76,74,77,-1.67,78,69,85,110961,25,23,26,-0.96,
37065,North Carolina,Edgecombe,10881,9837,11924,1.70,11105,,11475,25,24,26,1.76,4.4,4.3,4.6,1.25,4.6,4.4,4.7,1.22,,12,11,13,2.16,15,7,8,22,21,23,1.38,36,30,42,1.24,5.3,2.19,31,26,37,1.21,61,0.36,13,12,14,-1.62,14,44,32,24,40,0.24,660,1202,2.38,52,48,56,1.66,59,73,35,5327,12,11,14,-0.83,19,35,2850:1,0.62,13,24,4101:1,0.66,24,45,2222:1,0.92,4763,64,57,71,0.64,1205,89,84,95,-0.22,90,89,610,70.7,64.0,77.3,-0.67,68.5,73.0,524,82,0.84,5963,12451,47.9,43.2,52.6,1.04,1967,22849,8.6,2.51,36,27,45,1.40,52,39,20,68615,13184,5.2,0.86,7403,12634,59,51,66,2.23,69,12.7,0.13,302,552,1.85,237,87,76,98,0.47,8.9,-0.15,No,-0.71,3985,19,17,21,0.92,83,81,85,0.26,80,,85,17319,26,23,29,-0.78,
37067,North Carolina,Forsyth,7007,6698,7315,-0.78,9598,2818,6831,19,18,19,-0.05,3.7,3.6,3.8,-0.63,4.2,4.0,4.3,-0.15,,10,10,11,0.75,16,8,8,18,18,19,-0.16,32,29,36,0.24,6.5,0.81,24,21,27,-0.82,82,-0.71,17,17,18,0.73,66,178,37,33,41,0.75,3021,827,1.05,28,27,30,-0.57,36,61,14,39904,13,12,14,-0.43,401,109,920:1,-1.81,216,58,1720:1,-0.65,926,249,401:1,-0.83,18313,46,43,49,-0.55,2843,88,85,92,-0.03,84,90,2095,67.1,63.6,70.6,-0.01,63.6,67.9,4173,85,0.14,61494,92809,66.3,64.2,68.3,-0.96,8870,182356,4.9,-0.66,25,21,28,-0.22,42,54,12,96102,19475,4.9,0.39,32607,85903,38,36,40,-0.01,402,10.9,0.62,1908,528,1.69,1190,65,62,69,-0.80,9.1,0.13,Yes,1.39,24020,17,16,18,0.18,84,83,85,0.39,83,75,87,135294,21,20,22,-1.33,
37069,North Carolina,Franklin,7718,6909,8526,-0.33,9817,4908,7150,18,18,19,-0.16,3.9,3.8,4.1,-0.05,4.4,4.2,4.6,0.56,,9,8,10,-0.32,14,5,7,19,18,19,-0.02,33,27,39,0.34,7.7,-0.57,30,24,36,0.76,54,0.74,17,16,17,0.28,15,47,32,24,40,0.25,345,549,0.06,26,23,28,-0.84,32,42,19,7390,14,13,16,0.04,9,14,7079:1,1.32,12,19,5392:1,0.89,52,80,1244:1,0.62,3975,53,45,60,-0.11,786,88,81,94,0.09,86,89,501,68.7,61.4,75.9,-0.30,71.1,68.0,661,83,0.61,8832,15413,57.3,52.3,62.3,0.02,1526,29641,5.1,-0.42,22,16,27,-0.64,26,31,14,87754,19515,4.5,-0.39,4773,14368,33,28,38,-0.52,65,10.2,0.80,112,182,-0.62,218,69,60,78,-0.56,9.2,0.27,Yes,1.39,3725,16,14,18,-0.18,83,80,86,0.21,83,54,79,22119,54,50,58,2.15,
37071,North Carolina,Gaston,8927,8478,9376,0.45,10183,3124,9167,18,17,18,-0.32,4.0,3.9,4.2,0.29,4.1,3.9,4.3,-0.32,,10,9,10,0.22,13,6,9,18,17,19,-0.31,31,28,36,-0.02,6.8,0.46,31,27,35,1.16,78,-0.49,16,15,17,-0.05,45,144,31,27,36,0.19,1448,686,0.55,35,33,36,0.01,40,50,32,23243,13,12,14,-0.47,134,63,1593:1,-0.29,119,55,1823:1,-0.52,433,200,501:1,-0.40,15086,50,46,53,-0.31,3323,89,86,92,-0.16,86,89,1950,65.4,61.8,69.0,0.30,62.4,65.8,2425,86,-0.17,32632,54340,60.1,57.9,62.2,-0.29,5601,106346,5.3,-0.32,23,19,27,-0.40,42,35,19,88309,18780,4.7,-0.02,18754,48473,39,36,42,0.07,301,14.1,-0.23,772,384,0.72,864,82,76,87,0.18,10.3,1.80,No,-0.71,13730,17,16,18,0.33,86,85,86,0.90,78,75,86,78361,36,34,38,0.25,
37073,North Carolina,Gates,6176,4630,7722,-1.32,7354,,5271,16,15,16,-0.86,3.6,3.4,3.7,-0.94,3.8,3.7,4.0,-1.28,,10,8,12,0.62,19,,7,17,16,18,-0.77,33,25,40,0.29,7.8,-0.69,31,24,38,1.04,29,2.08,16,16,17,0.16,6,19,32,19,44,0.22,55,476,-0.20,28,22,36,-0.57,31,,27,1035,11,10,13,-1.33,,,,0.00,1,9,11478:1,1.27,2,17,5739:1,1.16,1141,70,55,85,1.06,287,91,80,100,-0.62,92,91,151,60.3,47.9,72.6,1.27,60.7,60.0,145,88,-0.45,1330,2504,53.1,44.0,62.3,0.47,268,5193,5.2,-0.41,22,16,29,-0.53,40,,16,91589,22047,4.2,-1.00,696,2452,28,20,36,-1.05,11,9.6,0.95,,,0.00,53,91,69,120,0.76,8.2,-1.13,No,-0.71,605,13,10,17,-1.08,85,81,88,0.65,86,,82,4221,59,51,66,2.61,
37075,North Carolina,Graham,8182,5964,10399,-0.03,,,,18,17,19,-0.15,4.0,3.8,4.2,0.27,4.4,4.2,4.6,0.72,,9,7,11,-0.05,,,,19,19,20,0.27,30,23,38,-0.43,7.5,-0.34,27,20,35,0.11,100,-1.68,16,15,17,-0.03,1,17,6,0,20,-2.27,20,231,-1.07,49,39,61,1.36,,,,1112,17,15,19,1.23,2,23,4308:1,1.02,2,23,4279:1,0.70,6,70,1426:1,0.71,998,61,45,76,0.45,176,78,65,91,1.90,,,128,58.6,45.3,71.9,1.58,,,86,88,-0.45,839,1702,49.3,37.9,60.7,0.89,273,3092,8.8,2.69,31,22,39,0.64,,,,67534,15804,4.3,-0.78,504,1841,27,17,38,-1.16,12,13.9,-0.19,,,0.00,55,127,96,166,2.90,8.2,-1.13,No,-0.71,395,12,7,16,-1.71,80,74,87,-0.43,,,,2380,23,16,30,-1.12,
37077,North Carolina,Granville,7208,6383,8034,-0.66,8347,,7066,19,18,19,-0.04,3.9,3.7,4.0,-0.21,4.0,3.8,4.1,-0.75,,9,8,10,-0.23,13,6,7,18,18,19,-0.29,34,28,41,0.52,7.5,-0.34,28,23,34,0.39,57,0.58,16,16,17,0.20,18,64,28,22,35,-0.12,476,814,1.00,26,24,29,-0.75,37,32,19,5046,11,10,12,-1.38,28,48,2096:1,0.21,19,32,3107:1,0.36,179,303,330:1,-1.29,3701,53,46,60,-0.08,744,88,81,95,0.01,89,87,462,67.5,60.0,75.0,-0.09,67.8,67.4,642,84,0.37,7951,14250,55.8,50.9,60.7,0.18,1271,29357,4.3,-1.11,21,16,26,-0.72,29,39,15,94169,20951,4.5,-0.39,4719,12355,38,33,43,0.01,74,12.6,0.16,187,312,0.24,201,68,59,78,-0.63,9.3,0.41,Yes,1.39,3250,16,14,19,-0.06,85,82,88,0.72,87,68,86,20308,47,42,51,1.39,
37079,North Carolina,Greene,7003,5742,8265,-0.79,9673,,6183,23,22,23,1.13,4.2,4.1,4.4,0.80,4.3,4.2,4.5,0.36,,10,9,12,0.74,16,8,8,20,20,21,0.76,33,26,40,0.50,,0.00,28,22,36,0.45,53,0.80,16,15,16,-0.14,8,17,47,35,58,1.72,154,730,0.70,42,36,49,0.75,55,51,26,2828,18,16,20,1.83,3,14,7045:1,1.32,9,43,2352:1,-0.04,6,28,3528:1,1.07,1727,46,36,56,-0.53,322,86,76,96,0.41,84,88,169,58.0,46.5,69.5,1.70,64.2,55.2,237,87,-0.34,2678,5805,46.1,40.0,52.2,1.23,501,9573,5.2,-0.34,33,23,42,0.89,38,54,13,73016,17110,4.3,-0.79,2090,4555,46,35,56,0.85,17,8.0,1.37,31,143,-0.88,67,63,49,80,-0.92,9.2,0.27,No,-0.71,1225,17,14,20,0.26,82,78,86,-0.04,85,54,85,6540,36,30,42,0.21,
37081,North Carolina,Guilford,6761,6501,7020,-0.94,8880,3644,6052,16,15,16,-0.83,3.3,3.2,3.5,-1.48,3.9,3.7,4.0,-1.16,,9,9,10,0.17,13,7,7,19,18,19,0.06,31,29,35,-0.02,6.6,0.69,23,21,26,-1.05,92,-1.28,18,17,18,0.93,83,262,32,29,35,0.23,4781,934,1.43,22,22,23,-1.13,31,44,11,56711,13,12,14,-0.39,417,81,1241:1,-0.88,289,55,1804:1,-0.54,1293,248,403:1,-0.81,24600,46,43,48,-0.57,3598,89,86,92,-0.11,88,89,2706,65.3,62.2,68.3,0.34,62.4,66.1,5847,89,-0.79,93682,135804,69.0,67.2,70.8,-1.26,13494,258800,5.2,-0.36,26,22,29,-0.07,37,40,10,96924,20453,4.7,0.04,47312,115166,41,39,43,0.33,587,11.3,0.50,2121,419,0.96,1622,63,60,67,-0.91,9.6,0.83,Yes,1.39,35080,18,17,18,0.45,82,82,83,0.06,81,71,87,194330,22,21,23,-1.21,
37083,North Carolina,Halifax,10605,9541,11668,1.52,12100,,9258,24,24,25,1.60,4.5,4.4,4.7,1.54,4.7,4.6,4.9,1.72,,12,11,13,1.58,13,7,9,22,22,23,1.67,40,34,46,2.15,5.3,2.19,31,26,37,1.16,56,0.64,13,13,14,-1.45,18,57,32,25,39,0.22,503,950,1.48,48,44,52,1.27,58,70,32,5504,13,12,15,-0.31,31,59,1692:1,-0.17,17,33,3045:1,0.33,65,126,796:1,0.23,5852,64,58,70,0.68,1352,91,86,96,-0.49,92,89,695,76.7,70.2,83.2,-1.80,79.9,73.9,546,80,1.34,5778,11677,49.5,44.9,54.0,0.87,1655,20806,8.0,1.95,38,29,47,1.65,46,48,16,71328,12557,5.7,1.71,6617,11451,58,52,64,2.14,66,12.6,0.17,254,476,1.34,228,86,75,97,0.45,8.9,-0.15,Yes,1.39,4480,21,18,23,1.56,84,82,85,0.40,82,,87,15966,34,30,37,0.00,
37085,North Carolina,Harnett,8215,7667,8764,-0.01,10329,3459,8404,21,20,21,0.55,4.2,4.0,4.3,0.59,4.5,4.3,4.7,0.87,,8,8,9,-0.52,13,6,8,19,18,19,0.00,33,28,38,0.39,7.5,-0.34,30,25,35,0.87,59,0.48,17,16,18,0.48,45,116,39,34,43,0.92,657,519,-0.05,31,29,33,-0.37,37,45,25,14421,13,12,14,-0.44,37,29,3463:1,0.83,53,40,2469:1,0.04,106,81,1235:1,0.62,7667,91,84,97,2.45,2326,88,84,91,0.11,85,88,1383,62.0,57.8,66.1,0.95,62.0,62.0,1456,82,0.84,22834,36965,61.8,59.1,64.5,-0.47,2954,51533,5.7,0.08,21,16,25,-0.75,36,35,14,89780,20297,4.4,-0.52,11018,34036,32,29,35,-0.62,100,7.8,1.43,329,272,-0.02,432,68,62,75,-0.62,9.6,0.83,No,-0.71,6950,17,15,18,0.10,85,83,86,0.72,83,70,83,43503,47,45,49,1.39,
37087,North Carolina,Haywood,7863,6999,8728,-0.24,,,,17,16,17,-0.55,3.9,3.7,4.1,-0.11,4.2,4.0,4.4,-0.01,,9,8,10,-0.06,19,6,9,17,17,18,-0.63,32,27,38,0.16,7.5,-0.34,26,21,32,-0.26,81,-0.67,16,15,16,-0.14,5,37,14,6,23,-1.53,150,252,-1.00,35,32,39,0.08,62,27,35,5422,12,11,13,-0.94,44,73,1361:1,-0.64,29,48,2092:1,-0.25,225,371,270:1,-1.87,7030,50,45,55,-0.28,1175,89,83,94,-0.15,84,89,866,68.2,62.7,73.7,-0.22,,,567,83,0.61,7789,12877,60.5,55.2,65.8,-0.33,1299,28534,4.6,-0.92,28,23,33,0.29,,37,26,87314,18204,4.8,0.14,3887,10851,36,30,42,-0.24,98,16.4,-0.83,162,278,0.02,279,94,83,105,0.89,8.6,-0.57,No,-0.71,3935,15,13,17,-0.52,83,81,84,0.23,,80,83,20371,32,28,35,-0.22,
37089,North Carolina,Henderson,7442,6813,8071,-0.51,11197,2953,7912,16,15,17,-0.77,3.5,3.4,3.7,-1.01,3.8,3.6,4.0,-1.34,,7,7,8,-1.50,13,6,7,15,15,16,-1.62,30,25,34,-0.51,8.0,-0.92,25,21,30,-0.48,93,-1.28,16,15,16,-0.15,11,56,20,13,27,-0.94,243,219,-1.12,32,30,35,-0.23,44,46,29,12274,15,13,16,0.23,97,86,1161:1,-1.06,59,52,1936:1,-0.40,182,159,628:1,-0.06,14693,32,29,34,-1.52,1762,89,84,93,-0.12,89,89,1676,69.6,65.6,73.6,-0.48,72.4,69.6,1023,91,-1.28,15328,23904,64.1,60.2,68.1,-0.73,2222,52357,4.2,-1.18,19,14,24,-1.00,43,35,12,88741,21226,4.2,-0.95,6471,21666,30,25,34,-0.89,128,11.4,0.49,169,154,-0.81,565,102,93,110,1.38,9.0,-0.01,Yes,1.39,6660,15,13,16,-0.64,81,79,83,-0.28,73,65,81,37806,26,24,28,-0.83,
37091,North Carolina,Hertford,9779,8050,11507,0.99,11035,,8300,23,23,24,1.30,4.4,4.2,4.6,1.19,4.3,4.1,4.4,0.19,,12,11,14,2.08,15,,7,21,20,22,1.06,41,34,48,2.33,5.8,1.61,32,26,38,1.47,61,0.36,13,13,14,-1.39,8,18,44,32,55,1.46,254,1045,1.82,32,28,37,-0.22,39,,12,2209,13,11,14,-0.61,12,50,2015:1,0.14,10,41,2414:1,0.00,39,162,619:1,-0.07,2305,59,50,68,0.31,595,91,83,99,-0.59,91,90,288,74.3,64.3,84.3,-1.35,78.8,68.3,222,86,-0.10,2902,5594,51.9,45.5,58.2,0.61,613,9388,6.5,0.75,34,25,43,1.13,49,45,14,71920,11874,6.1,2.38,2510,4710,53,46,60,1.65,45,18.6,-1.42,77,325,0.33,90,74,60,91,-0.27,8.4,-0.85,No,-0.71,1825,21,18,24,1.63,86,84,89,1.07,86,,92,7522,27,23,32,-0.69,
37093,North Carolina,Hoke,7408,6610,8206,-0.53,9251,,6645,21,20,21,0.63,4.2,4.0,4.3,0.55,4.3,4.2,4.5,0.41,,9,9,10,0.05,15,6,7,23,22,23,1.83,33,26,39,0.34,6.5,0.81,25,21,30,-0.43,60,0.43,17,16,17,0.41,27,64,42,36,48,1.24,366,709,0.63,39,36,43,0.45,36,58,31,7849,17,15,19,1.15,7,13,7524:1,1.35,4,8,13316:1,1.31,58,109,918:1,0.38,1643,79,66,93,1.69,408,83,74,91,1.08,82,83,216,68.5,57.5,79.6,-0.27,68.5,68.5,498,75,2.49,10537,16964,62.1,57.3,67.0,-0.51,1302,19973,6.5,0.74,25,20,31,-0.11,30,51,17,81974,17564,4.7,-0.09,5366,14904,36,30,42,-0.22,35,6.6,1.74,55,107,-1.12,146,56,47,65,-1.34,9.4,0.55,No,-0.71,3165,19,16,22,0.97,86,84,88,1.03,81,74,83,17403,46,41,50,1.24,
37095,North Carolina,Hyde,6552,5126,8251,-1.08,11165,,5050,21,20,22,0.63,4.1,4.0,4.3,0.45,4.1,4.0,4.3,-0.35,,8,5,10,-1.15,,,,20,20,21,0.69,32,25,39,0.08,4.1,3.00,30,23,38,0.90,77,-0.44,16,15,16,-0.18,1,2,50,10,77,2.00,25,441,-0.33,36,25,50,0.12,,,,602,16,14,18,0.78,1,18,5526:1,1.19,,,,0.00,1,18,5517:1,1.15,510,24,11,37,-2.01,248,91,79,100,-0.59,88,93,137,73.7,59.3,88.1,-1.25,66.7,75.7,,,0.00,741,1477,50.2,37.3,63.0,0.79,201,2137,9.4,3.00,30,22,38,0.50,,,,73696,16517,4.5,-0.45,427,1022,42,18,65,0.40,4,7.2,1.58,,,0.00,10,35,17,65,-2.59,7.2,-2.52,No,-0.71,260,12,7,18,-1.47,70,61,78,-3.00,,,,1448,26,11,41,-0.82,
37097,North Carolina,Iredell,7223,6741,7704,-0.65,12427,2290,6969,14,14,15,-1.22,3.5,3.4,3.7,-1.06,3.8,3.7,4.0,-1.22,,8,8,9,-0.65,14,7,7,17,16,17,-0.92,31,27,36,-0.07,7.9,-0.80,23,19,27,-1.05,69,-0.05,18,18,19,1.26,33,109,30,25,35,0.09,684,410,-0.43,27,25,29,-0.70,55,45,20,16978,12,11,13,-1.01,120,71,1416:1,-0.55,90,52,1921:1,-0.41,292,169,592:1,-0.14,11995,52,48,56,-0.16,2251,90,86,94,-0.36,90,90,1460,67.3,63.1,71.5,-0.05,67.5,67.3,2340,88,-0.58,26836,41799,64.2,61.4,67.0,-0.74,4040,84995,4.8,-0.75,14,11,17,-1.67,40,35,13,103544,23679,4.4,-0.61,12530,39824,31,29,34,-0.72,192,11.3,0.51,431,262,-0.09,577,69,63,75,-0.58,10.4,1.94,No,-0.71,8775,15,13,16,-0.67,84,83,85,0.51,81,69,85,64440,33,31,35,-0.08,
37099,North Carolina,Jackson,7413,6404,8422,-0.52,,,,19,18,19,0.01,4.2,4.1,4.4,0.73,4.4,4.2,4.6,0.66,,8,7,9,-1.09,,6,8,20,19,20,0.34,29,24,34,-0.69,6.9,0.35,24,19,29,-0.71,100,-1.65,18,17,19,1.15,10,37,27,18,36,-0.22,159,388,-0.51,20,18,23,-1.35,,48,15,5497,18,16,20,1.83,38,92,1086:1,-1.26,21,50,2011:1,-0.32,197,466,214:1,-2.69,3725,51,43,58,-0.24,608,84,76,91,0.89,,,456,59.4,52.4,66.5,1.43,,,272,84,0.37,5684,8995,63.2,56.4,70.0,-0.63,1012,18839,5.4,-0.23,24,18,31,-0.26,,61,26,80463,15490,5.2,0.85,2942,7004,42,32,52,0.43,54,13.1,0.04,89,219,-0.38,157,76,64,88,-0.14,8.3,-0.99,No,-0.71,2975,19,16,22,0.83,79,76,82,-0.83,,58,80,13587,21,17,25,-1.35,
37101,North Carolina,Johnston,6764,6344,7184,-0.94,8936,3189,6960,17,16,17,-0.53,3.7,3.6,3.9,-0.51,4.0,3.8,4.1,-0.83,,8,8,8,-0.86,15,6,7,18,17,19,-0.43,35,31,40,0.96,8.3,-1.26,28,24,33,0.37,69,-0.02,18,17,19,1.03,42,156,27,23,31,-0.23,795,438,-0.34,31,29,33,-0.32,38,60,22,22067,14,12,15,-0.16,56,30,3315:1,0.79,43,22,4452:1,0.73,165,86,1160:1,0.57,10605,75,70,81,1.43,2184,90,86,94,-0.39,87,91,1329,68.6,64.2,73.1,-0.29,65.3,69.2,2357,89,-0.79,29390,48802,60.2,57.0,63.4,-0.30,4219,91112,4.6,-0.85,19,15,23,-0.96,29,47,10,96020,23371,4.1,-1.08,15235,47944,32,28,36,-0.68,155,8.3,1.29,317,183,-0.62,548,60,55,65,-1.11,9.3,0.41,Yes,1.39,9145,15,14,16,-0.54,84,83,85,0.45,80,69,83,68309,48,45,50,1.48,
37103,North Carolina,Jones,8265,6203,10327,0.02,10070,,7847,20,19,20,0.28,4.1,4.0,4.3,0.46,4.3,4.1,4.5,0.29,,10,8,12,0.42,14,,9,19,19,20,0.26,35,28,43,1.01,7.3,-0.11,29,23,36,0.59,50,0.97,14,13,15,-1.08,1,10,10,1,30,-1.87,40,397,-0.48,27,20,35,-0.74,28,,26,1138,15,13,17,0.29,5,50,2003:1,0.13,,,,0.00,3,30,3282:1,1.05,1205,47,35,58,-0.51,193,90,77,100,-0.40,93,88,92,77.2,59.2,95.1,-1.89,77.3,77.1,79,93,-1.63,1273,2241,56.8,48.1,65.5,0.07,242,4603,5.3,-0.32,37,27,46,1.46,58,,32,70089,16258,4.3,-0.72,780,1906,41,31,51,0.31,7,7.0,1.65,,,0.00,36,71,50,99,-0.43,8.7,-0.43,No,-0.71,695,17,13,20,0.17,80,75,85,-0.55,,,,3052,44,36,51,1.04,
37105,North Carolina,Lee,8370,7540,9201,0.09,13565,2584,8198,20,20,21,0.40,3.9,3.7,4.0,-0.21,4.0,3.9,4.2,-0.65,,10,9,11,0.51,16,7,9,19,18,20,0.08,29,24,34,-0.59,7.7,-0.57,26,22,31,-0.14,78,-0.52,15,15,16,-0.30,16,55,29,22,36,-0.02,321,538,0.02,43,40,47,0.83,49,64,29,7869,16,14,17,0.79,33,55,1808:1,-0.04,31,52,1923:1,-0.41,96,161,621:1,-0.07,5237,68,61,75,0.95,565,87,79,94,0.31,83,88,363,69.7,61.1,78.3,-0.49,57.6,72.4,746,89,-0.81,8522,14955,57.0,52.4,61.6,0.05,1541,26239,5.9,0.20,24,18,30,-0.26,33,41,11,86175,18600,4.6,-0.15,5285,14853,36,31,40,-0.27,90,15.1,-0.49,98,165,-0.73,221,74,64,84,-0.28,9.2,0.27,No,-0.71,3090,15,13,17,-0.67,86,84,88,0.98,86,81,88,21878,31,28,34,-0.27,
37107,North Carolina,Lenoir,10387,9405,11368,1.38,13785,,9015,21,20,21,0.59,4.2,4.1,4.3,0.69,4.5,4.3,4.6,0.86,,11,10,12,1.02,14,6,8,21,20,21,0.91,36,30,42,1.14,6.4,0.92,32,26,38,1.41,65,0.17,14,14,15,-1.05,13,47,28,20,36,-0.16,455,778,0.87,41,38,45,0.63,50,53,31,6942,15,13,16,0.33,28,48,2075:1,0.19,30,52,1910:1,-0.42,63,110,910:1,0.37,6821,61,55,66,0.43,1420,87,82,92,0.22,86,87,758,66.2,60.4,72.0,0.16,63.7,67.5,682,80,1.31,6792,13161,51.6,46.8,56.4,0.64,1647,27855,5.9,0.23,32,24,41,0.86,48,70,9,72035,16357,4.4,-0.55,5346,12923,41,35,48,0.36,87,15.0,-0.46,415,707,2.88,212,73,63,82,-0.36,8.9,-0.15,No,-0.71,4495,19,17,21,0.95,78,75,81,-1.03,75,58,84,18610,26,23,29,-0.78,
37109,North Carolina,Lincoln,7046,6382,7710,-0.76,9848,,7080,15,14,16,-1.04,3.5,3.3,3.7,-1.13,3.9,3.7,4.1,-0.96,,8,8,9,-0.65,15,9,8,18,17,18,-0.52,29,25,35,-0.56,8.1,-1.03,24,19,30,-0.74,72,-0.19,17,17,18,0.65,21,61,34,28,41,0.49,277,347,-0.66,27,25,30,-0.69,34,27,27,9170,14,12,15,-0.21,35,43,2315:1,0.36,29,36,2799:1,0.22,37,46,2194:1,0.92,6659,57,51,63,0.21,1379,91,86,96,-0.60,85,91,865,66.7,61.3,72.1,0.07,73.0,66.4,1010,91,-1.21,11165,19287,57.9,53.9,61.9,-0.05,1951,41962,4.6,-0.84,18,13,22,-1.18,60,49,15,99702,21980,4.5,-0.32,4286,17462,25,20,29,-1.47,103,12.7,0.14,119,149,-0.84,287,72,63,80,-0.42,10.2,1.66,No,-0.71,3825,13,11,14,-1.33,85,83,87,0.75,86,71,84,30645,51,48,54,1.78,
37111,North Carolina,McDowell,8813,7776,9850,0.37,6912,,9266,20,19,20,0.26,4.0,3.8,4.2,0.21,4.6,4.4,4.8,1.35,,9,8,10,0.05,,4,10,21,20,22,1.06,33,28,39,0.44,7.9,-0.80,29,24,35,0.68,88,-1.02,16,16,17,0.12,5,39,13,6,22,-1.59,183,407,-0.45,41,37,45,0.63,,54,42,4482,13,11,14,-0.64,16,36,2812:1,0.61,15,33,3005:1,0.32,67,149,673:1,0.04,4186,51,44,58,-0.21,771,89,82,95,-0.12,81,89,537,63.3,56.6,70.0,0.70,,,495,80,1.31,5897,10828,54.5,48.8,60.1,0.33,1013,21161,4.8,-0.72,27,20,33,0.10,69,37,28,71580,16707,4.3,-0.76,3262,9384,35,28,42,-0.36,73,16.2,-0.79,67,149,-0.84,204,91,78,103,0.72,9.0,-0.01,No,-0.71,2295,13,11,15,-1.09,78,75,81,-1.01,,,,13451,28,24,32,-0.58,
37113,North Carolina,Macon,8005,6788,9223,-0.14,,,,17,16,17,-0.58,3.9,3.7,4.1,-0.03,4.2,4.0,4.4,-0.04,,8,7,9,-1.18,,5,8,17,16,18,-0.86,29,23,35,-0.72,7.9,-0.80,30,23,37,0.87,100,-1.68,16,15,16,-0.28,10,33,30,21,40,0.10,96,283,-0.89,37,32,41,0.21,,56,36,4408,18,16,20,1.63,25,73,1368:1,-0.63,20,58,1719:1,-0.65,66,192,521:1,-0.33,5770,40,34,45,-0.98,798,87,80,93,0.22,,,693,67.0,60.9,73.0,0.02,,,333,88,-0.57,3869,6785,57.0,50.2,63.8,0.05,821,15281,5.4,-0.23,26,19,33,0.04,16,57,28,79901,17872,4.5,-0.43,2151,6305,34,24,44,-0.43,60,17.5,-1.14,47,137,-0.92,188,110,95,126,1.90,8.4,-0.85,Yes,1.39,2765,18,15,21,0.51,81,76,85,-0.35,,,,10904,25,22,29,-0.88,
37115,North Carolina,Madison,8140,6582,9698,-0.06,,,,16,15,16,-0.90,3.7,3.5,3.9,-0.55,4.1,3.9,4.3,-0.27,,8,7,9,-0.88,,,,18,17,19,-0.23,26,21,33,-1.33,7.6,-0.46,25,18,33,-0.45,89,-1.08,17,17,18,0.71,6,16,38,24,50,0.79,63,298,-0.83,23,19,27,-1.11,,,,1936,12,11,14,-0.81,10,47,2114:1,0.22,5,23,4268:1,0.70,33,155,647:1,-0.01,2240,36,28,44,-1.22,325,93,82,100,-0.88,,,270,63.7,54.2,73.2,0.63,,,187,83,0.72,2544,4620,55.1,47.4,62.8,0.26,476,9757,4.9,-0.64,26,19,33,-0.03,,,,77090,16577,4.7,-0.12,1297,3829,34,24,44,-0.45,23,10.9,0.62,14,70,-1.37,89,84,68,104,0.35,8.7,-0.43,No,-0.71,1240,15,12,18,-0.57,79,74,83,-0.92,,,,7104,49,42,56,1.60,
37117,North Carolina,Martin,9187,7754,10620,0.61,11180,,7851,22,21,22,0.83,4.2,4.0,4.3,0.60,4.4,4.2,4.6,0.58,,12,11,14,1.92,16,,9,19,19,20,0.31,40,33,47,2.15,6.8,0.46,29,24,34,0.56,46,1.16,13,13,14,-1.40,9,24,38,27,48,0.79,155,661,0.46,38,32,43,0.32,44,79,29,2247,12,11,14,-0.77,10,43,2336:1,0.37,7,30,3310:1,0.43,19,82,1220:1,0.61,2988,70,61,79,1.04,773,89,82,95,-0.10,89,89,413,69.0,61.0,77.0,-0.36,63.5,72.4,258,78,1.88,3055,4797,63.7,54.9,72.5,-0.68,667,9889,6.7,0.93,36,27,45,1.36,29,45,27,69272,15411,4.5,-0.39,1900,4897,39,30,47,0.08,36,15.4,-0.58,127,532,1.71,92,78,63,96,-0.03,8.4,-0.85,No,-0.71,1530,16,13,19,-0.09,86,83,88,0.90,80,,87,7755,33,28,39,-0.04,
37119,North Carolina,Mecklenburg,5673,5512,5834,-1.64,8308,3388,4768,14,14,15,-1.21,3.1,3.0,3.2,-2.13,3.4,3.3,3.5,-2.82,,9,9,10,0.07,14,7,7,15,15,16,-1.52,25,23,27,-1.64,7.3,-0.11,19,18,21,-2.09,92,-1.26,20,19,20,1.85,154,393,39,37,42,0.95,9276,916,1.36,24,24,25,-0.94,33,51,7,117617,13,12,14,-0.53,899,87,1150:1,-1.09,718,68,1469:1,-1.03,2603,247,405:1,-0.80,50278,38,36,40,-1.10,7508,90,88,92,-0.41,89,91,5839,67.9,65.8,70.0,-0.15,64.9,68.8,10355,88,-0.58,238934,322758,74.0,72.8,75.2,-1.81,27415,585312,4.7,-0.81,18,16,20,-1.11,29,33,5,121371,25725,4.7,0.00,88082,246569,36,34,37,-0.25,952,9.2,1.06,5376,546,1.81,2323,46,44,48,-1.96,10.7,2.36,No,-0.71,66110,18,17,18,0.48,77,77,78,-1.26,78,65,84,392886,36,35,37,0.22,
37121,North Carolina,Mitchell,8064,6462,9667,-0.11,,,,17,16,18,-0.50,3.9,3.7,4.1,-0.09,4.2,4.0,4.4,0.07,,9,7,11,-0.12,,,,17,16,18,-0.79,28,22,35,-0.90,,0.00,23,17,30,-1.10,100,-1.68,16,15,17,-0.14,2,10,20,5,39,-0.90,18,118,-1.48,39,31,47,0.39,,113,33,1663,14,13,16,0.19,11,72,1386:1,-0.60,6,40,2521:1,0.07,12,79,1261:1,0.63,1811,55,44,66,0.05,344,88,78,97,0.12,,,246,55.3,46.0,64.6,2.20,,,150,83,0.72,1839,3253,56.5,46.8,66.3,0.10,382,6225,6.1,0.42,25,18,32,-0.15,,,,73826,14560,5.1,0.63,800,2802,29,19,38,-1.03,33,21.6,-2.22,,,0.00,89,117,94,143,2.27,8.4,-0.85,No,-0.71,905,14,11,17,-0.81,85,82,87,0.69,,,,5021,34,28,40,0.05,
37123,North Carolina,Montgomery,8245,6994,9495,0.01,13342,,7495,21,20,22,0.62,4.1,4.0,4.3,0.43,4.4,4.2,4.5,0.54,,9,8,11,0.09,16,6,9,19,19,20,0.24,30,24,36,-0.51,7.8,-0.69,29,23,36,0.70,79,-0.57,14,14,15,-0.85,7,30,23,14,34,-0.58,125,456,-0.27,58,52,65,2.26,66,82,43,3635,17,15,19,1.33,8,29,3444:1,0.82,3,11,9139:1,1.18,26,95,1055:1,0.50,2319,63,53,73,0.57,509,90,82,99,-0.44,94,89,298,68.1,58.7,77.5,-0.20,73.6,66.9,306,87,-0.34,3087,6684,46.2,39.9,52.4,1.23,611,11790,5.2,-0.39,30,23,37,0.56,60,21,29,73141,15653,4.7,-0.08,2008,6356,32,23,40,-0.70,27,9.8,0.90,53,203,-0.48,83,60,48,75,-1.09,9.1,0.13,Yes,1.39,2050,19,16,22,1.03,83,79,86,0.13,80,68,87,8732,31,27,36,-0.24,
37125,North Carolina,Moore,7251,6582,7921,-0.63,12185,,6609,15,14,16,-1.05,3.6,3.4,3.7,-0.91,3.9,3.8,4.1,-0.97,,8,8,9,-0.53,14,6,8,16,16,17,-1.14,27,22,31,-1.26,7.9,-0.80,23,19,27,-1.19,68,-0.01,16,15,17,0.04,28,75,37,32,43,0.78,354,380,-0.54,28,25,30,-0.62,47,42,21,8900,12,11,14,-0.71,98,104,963:1,-1.65,58,61,1651:1,-0.74,203,212,472:1,-0.51,11193,45,41,49,-0.63,1526,90,86,95,-0.44,89,91,1297,75.6,70.9,80.4,-1.60,70.1,76.1,916,87,-0.34,14185,20571,69.0,64.4,73.6,-1.26,1978,39463,5.0,-0.53,17,12,21,-1.32,58,42,13,102875,21745,4.7,0.03,6267,19684,32,27,37,-0.67,117,12.4,0.22,162,183,-0.62,351,75,68,83,-0.19,9.3,0.41,Yes,1.39,5190,14,12,16,-0.85,85,82,87,0.63,81,76,86,32399,31,28,34,-0.25,
37127,North Carolina,Nash,8928,8224,9632,0.45,10160,5384,8604,19,19,20,0.21,4.0,3.9,4.2,0.24,4.1,4.0,4.3,-0.31,,9,9,10,-0.04,12,5,7,18,18,19,-0.18,35,30,41,0.93,6.6,0.69,27,22,31,-0.06,45,1.23,16,15,16,-0.22,35,118,30,25,34,0.03,708,750,0.77,36,33,38,0.12,45,52,23,9503,12,11,14,-0.73,56,60,1677:1,-0.19,52,55,1808:1,-0.54,103,110,913:1,0.37,9572,55,50,59,0.05,2174,92,88,96,-0.75,92,92,1284,72.0,67.4,76.7,-0.93,69.3,73.3,1390,81,1.12,12539,21980,57.0,52.8,61.3,0.04,2899,44072,6.6,0.79,25,19,31,-0.14,38,34,12,86129,18029,4.8,0.11,8797,21102,42,36,47,0.39,111,11.8,0.37,509,537,1.75,336,71,63,79,-0.45,9.2,0.27,Yes,1.39,6360,17,15,19,0.25,84,83,86,0.55,86,75,87,34053,22,20,24,-1.20,
37129,North Carolina,New Hanover,6650,6266,7034,-1.01,11772,3764,5966,15,15,16,-0.92,3.7,3.6,3.9,-0.48,4.0,3.8,4.2,-0.66,,8,7,8,-0.98,13,6,7,18,17,19,-0.36,25,22,28,-1.72,7.1,0.12,20,17,23,-2.04,90,-1.16,19,19,20,1.70,34,105,32,27,37,0.30,1310,606,0.26,18,17,19,-1.53,45,51,10,22230,12,11,14,-0.75,195,88,1130:1,-1.14,169,76,1322:1,-1.32,825,369,271:1,-1.85,20631,35,33,38,-1.27,3431,91,88,95,-0.65,88,92,2626,73.8,70.6,77.1,-1.27,70.2,74.3,1960,82,0.84,42953,57252,75.0,71.9,78.1,-1.92,5464,116676,4.7,-0.81,21,16,25,-0.78,45,48,12,103874,20740,5.0,0.52,15952,41637,38,35,42,0.03,227,10.3,0.77,900,428,1.02,747,69,64,74,-0.58,8.0,-1.41,No,-0.71,17920,21,19,22,1.48,80,78,81,-0.67,77,68,82,82903,17,16,19,-1.73,
37131,North Carolina,Northampton,10046,8245,11848,1.17,11158,,9512,25,24,26,1.76,4.6,4.4,4.7,1.60,4.5,4.4,4.7,1.02,,12,10,13,1.69,13,,8,21,20,21,0.80,36,28,43,1.06,5.6,1.84,28,23,34,0.39,23,2.40,12,12,13,-2.07,6,31,19,10,30,-0.96,155,758,0.80,42,35,48,0.68,47,,32,1902,13,11,14,-0.62,2,10,10213:1,1.46,5,25,4000:1,0.64,9,45,2222:1,0.92,2494,67,58,77,0.89,608,88,81,96,-0.04,90,86,310,75.8,66.1,85.5,-1.63,79.3,72.5,193,88,-0.45,1804,4041,44.6,37.2,52.1,1.40,576,7925,7.3,1.38,37,27,47,1.54,62,57,35,67256,12507,5.4,1.17,2723,3854,71,60,82,3.54,31,15.2,-0.51,51,288,0.08,80,78,62,97,-0.06,8.8,-0.29,No,-0.71,1445,17,14,20,0.16,85,81,89,0.83,81,,88,5830,33,27,39,-0.06,
37133,North Carolina,Onslow,7536,7102,7970,-0.45,8566,3200,7968,17,16,17,-0.61,3.8,3.6,3.9,-0.40,4.1,3.9,4.3,-0.38,,7,7,7,-1.63,12,6,6,19,18,20,0.13,28,23,33,-0.92,7.0,0.23,24,20,28,-0.85,56,0.63,23,22,24,3.47,42,115,37,32,41,0.70,1737,926,1.40,58,55,60,2.20,44,63,62,15306,10,8,11,-1.92,62,33,3005:1,0.68,186,99,1006:1,-2.24,367,196,510:1,-0.37,10675,51,47,56,-0.20,2102,84,80,88,0.81,82,84,1211,65.9,61.3,70.5,0.22,72.3,64.8,1711,89,-0.81,37094,53604,69.2,65.9,72.5,-1.28,3498,63729,5.5,-0.13,19,15,24,-0.97,29,22,15,82598,23353,3.5,-2.09,12265,46716,26,23,29,-1.28,128,6.9,1.68,294,196,-0.53,571,61,56,67,-1.03,8.7,-0.43,No,-0.71,9790,16,14,18,-0.15,74,72,75,-2.23,72,67,77,66216,33,30,35,-0.10,
37135,North Carolina,Orange,4471,4057,4885,-2.41,9103,3040,4191,13,13,14,-1.50,3.3,3.1,3.4,-1.68,3.8,3.6,3.9,-1.49,,7,7,8,-1.32,14,6,6,14,14,15,-2.08,23,19,27,-2.26,7.4,-0.23,19,16,22,-2.29,86,-0.95,21,20,21,2.39,20,62,32,26,39,0.28,752,536,0.01,7,6,7,-2.62,17,30,3,12104,10,9,12,-1.64,265,187,533:1,-4.41,300,212,473:1,-6.58,868,612,163:1,-3.93,9300,23,20,27,-2.07,843,90,84,96,-0.35,88,90,953,70.4,65.1,75.7,-0.63,55.3,71.9,1488,89,-0.82,27700,34214,81.0,77.5,84.4,-2.57,3218,75443,4.3,-1.16,11,8,14,-2.05,25,32,4,145004,25176,5.8,1.85,7091,28384,25,22,28,-1.42,149,10.5,0.71,210,150,-0.84,286,41,36,46,-2.26,9.4,0.55,Yes,1.39,9785,19,17,21,0.93,67,65,68,-4.01,73,60,68,46490,29,28,31,-0.45,
37137,North Carolina,Pamlico,10694,8024,13364,1.58,14165,,10466,17,17,18,-0.44,3.8,3.7,4.0,-0.29,4.1,3.9,4.2,-0.53,,9,7,11,-0.13,,,,17,16,18,-0.74,32,25,39,0.14,7.8,-0.69,28,21,36,0.22,44,1.27,15,15,16,-0.40,5,15,33,19,47,0.39,25,193,-1.21,36,28,45,0.13,39,,33,1148,13,12,15,-0.37,6,47,2130:1,0.23,4,31,3205:1,0.40,7,55,1832:1,0.84,1878,39,30,48,-1.01,328,93,83,100,-1.02,94,93,216,81.0,69.0,93.0,-2.61,66.7,83.1,128,83,0.72,1532,2612,58.7,50.7,66.6,-0.13,286,5404,5.3,-0.29,32,24,41,0.85,,,,85886,19658,4.4,-0.62,813,2081,39,27,51,0.11,15,11.7,0.39,36,274,-0.01,69,107,83,135,1.69,8.1,-1.27,No,-0.71,885,17,13,21,0.28,76,72,79,-1.60,69,,73,3619,46,39,53,1.29,
37139,North Carolina,Pasquotank,7231,6285,8177,-0.64,9564,,5954,18,18,19,-0.20,3.7,3.6,3.8,-0.60,4.2,4.1,4.4,0.06,,9,8,10,0.06,12,7,7,19,18,20,0.09,37,31,44,1.32,5.9,1.50,28,23,33,0.31,66,0.14,17,16,17,0.27,6,14,43,29,56,1.31,320,804,0.97,25,22,28,-0.91,26,30,23,3720,12,10,13,-0.95,31,78,1285:1,-0.79,19,48,2098:1,-0.24,69,173,578:1,-0.17,3962,56,49,63,0.12,891,85,79,91,0.60,87,84,475,71.6,64.0,79.2,-0.84,68.5,72.7,397,84,0.37,6087,9911,61.4,55.3,67.5,-0.43,1102,17468,6.3,0.56,27,19,35,0.15,31,,17,87422,17930,4.9,0.28,3697,8640,43,35,51,0.51,58,14.6,-0.35,144,355,0.53,113,56,46,67,-1.32,8.1,-1.27,No,-0.71,3355,23,20,26,2.34,81,78,83,-0.41,78,,86,13478,30,27,34,-0.38,
37141,North Carolina,Pender,7290,6450,8130,-0.60,12449,,6669,17,17,18,-0.45,3.8,3.6,3.9,-0.41,4.0,3.8,4.2,-0.64,,8,8,9,-0.60,15,4,8,17,17,18,-0.68,31,25,37,-0.20,7.7,-0.57,25,20,31,-0.40,59,0.48,16,16,17,0.18,25,74,34,28,40,0.43,176,313,-0.78,29,26,33,-0.47,40,62,23,6716,14,13,16,0.16,18,31,3201:1,0.75,23,39,2569:1,0.10,41,69,1441:1,0.72,5184,47,41,53,-0.45,1129,89,83,94,-0.11,88,89,677,66.6,60.5,72.8,0.08,72.3,65.6,713,90,-1.04,7856,13471,58.3,53.2,63.4,-0.10,1409,26687,5.3,-0.30,21,16,26,-0.72,45,38,16,92082,18911,4.9,0.27,3987,12617,32,25,39,-0.70,63,10.9,0.60,107,196,-0.53,226,80,70,90,0.08,8.8,-0.29,Yes,1.39,3530,18,15,20,0.39,80,78,82,-0.53,77,57,76,18664,48,44,52,1.48,
37143,North Carolina,Perquimans,7387,5632,9142,-0.54,8798,,7351,19,18,19,0.03,4.1,3.9,4.2,0.31,4.3,4.1,4.5,0.39,,8,6,10,-0.74,12,,7,19,18,19,-0.05,32,26,39,0.19,7.5,-0.34,24,18,30,-0.88,56,0.63,14,13,14,-1.24,2,8,25,7,46,-0.42,64,475,-0.20,30,24,38,-0.41,32,,29,1243,12,11,14,-0.72,3,22,4480:1,1.05,2,15,6668:1,1.02,6,45,2223:1,0.92,2012,48,39,58,-0.39,341,86,76,96,0.37,84,87,247,70.4,60.0,80.9,-0.63,66.7,71.0,117,93,-1.63,1411,2789,50.6,41.1,60.1,0.75,331,5165,6.4,0.65,29,21,37,0.35,52,,19,85824,19377,4.4,-0.51,1037,2714,38,28,48,0.02,17,12.6,0.15,22,164,-0.75,61,90,69,116,0.71,8.0,-1.41,No,-0.71,880,16,12,20,-0.13,82,78,87,0.08,,,,4378,40,32,47,0.63,
37145,North Carolina,Person,8668,7580,9755,0.28,11357,,7684,18,17,18,-0.31,3.8,3.6,3.9,-0.45,4.1,4.0,4.3,-0.21,,9,8,10,-0.34,16,6,6,19,18,20,0.16,33,27,39,0.29,7.1,0.12,25,20,31,-0.43,58,0.52,15,15,16,-0.48,11,29,38,28,47,0.83,220,562,0.11,40,35,44,0.49,54,40,32,3760,12,10,13,-1.04,15,38,2617:1,0.52,16,41,2455:1,0.03,37,94,1062:1,0.50,3610,62,54,70,0.53,715,90,83,97,-0.44,89,91,427,67.7,59.9,75.5,-0.12,65.8,68.1,425,83,0.54,5159,9027,57.2,50.9,63.4,0.03,994,18193,5.5,-0.15,24,18,30,-0.32,46,17,20,80505,17452,4.6,-0.18,3941,8508,46,38,55,0.90,60,15.3,-0.54,102,259,-0.11,142,72,61,84,-0.37,9.0,-0.01,No,-0.71,2505,16,14,19,-0.03,86,83,88,0.90,84,,84,13846,48,42,53,1.45,
37147,North Carolina,Pitt,7429,6948,7909,-0.51,10258,4153,6075,20,19,20,0.30,4.2,4.0,4.3,0.63,4.5,4.3,4.6,0.87,,10,9,10,0.21,14,6,7,20,20,21,0.72,30,26,35,-0.38,6.6,0.69,26,22,30,-0.23,79,-0.54,19,19,20,1.74,30,112,27,22,32,-0.24,2025,1155,2.21,22,21,23,-1.18,41,44,9,18618,12,11,14,-0.72,177,101,993:1,-1.54,142,80,1248:1,-1.50,593,335,299:1,-1.56,11999,44,40,47,-0.70,2629,88,85,92,0.00,88,88,1553,68.4,64.3,72.5,-0.25,67.8,68.7,1786,81,1.08,32298,44640,72.4,69.0,75.7,-1.63,4885,88381,5.5,-0.10,24,19,30,-0.26,46,37,9,89872,15724,5.7,1.77,16035,38073,42,38,46,0.44,173,9.8,0.89,736,429,1.02,544,62,57,67,-0.99,8.9,-0.15,No,-0.71,14450,22,20,23,1.91,84,82,86,0.47,80,76,87,67767,20,19,22,-1.42,
37149,North Carolina,Polk,7319,5724,8915,-0.58,,,,15,14,15,-1.14,3.6,3.4,3.7,-0.97,4.0,3.8,4.3,-0.56,,8,7,10,-0.63,,,,15,15,16,-1.61,28,22,35,-0.79,8.5,-1.49,28,21,36,0.25,75,-0.33,15,14,16,-0.53,5,23,22,11,34,-0.73,26,128,-1.44,25,20,30,-0.92,,33,23,1974,14,12,15,-0.21,11,54,1851:1,0.00,8,39,2542:1,0.08,36,177,565:1,-0.21,3068,38,31,44,-1.11,336,88,77,98,0.12,86,88,357,62.5,54.3,70.7,0.86,,,174,93,-1.63,2379,3671,64.8,56.0,73.6,-0.80,413,8881,4.7,-0.84,23,17,29,-0.46,,44,20,89250,21710,4.1,-1.07,1053,3527,30,21,38,-0.89,50,24.6,-2.99,13,68,-1.39,86,85,68,104,0.35,9.4,0.55,No,-0.71,1320,15,12,18,-0.49,77,74,80,-1.41,,,,6386,42,37,48,0.88,
37151,North Carolina,Randolph,7991,7461,8521,-0.15,8605,2379,8694,17,16,18,-0.50,3.8,3.7,4.0,-0.25,4.2,4.0,4.4,-0.18,,8,8,9,-0.84,11,6,8,20,19,21,0.56,32,27,37,0.08,7.6,-0.46,32,28,37,1.47,55,0.71,17,16,18,0.54,35,107,33,28,38,0.33,487,341,-0.68,38,36,40,0.35,46,55,35,19059,16,15,18,0.91,63,44,2267:1,0.33,42,29,3415:1,0.47,126,88,1138:1,0.56,7813,59,53,64,0.30,1557,90,86,95,-0.43,85,91,963,65.7,60.6,70.9,0.25,71.4,65.5,1582,89,-0.91,18034,34312,52.6,49.5,55.6,0.53,3286,67156,4.9,-0.63,21,16,26,-0.74,48,43,19,81927,19908,4.1,-1.06,11889,33278,36,32,39,-0.25,164,11.5,0.46,226,158,-0.78,594,83,77,90,0.27,9.8,1.11,Yes,1.39,7680,14,13,16,-0.81,86,85,88,1.07,86,75,86,53993,30,28,32,-0.40,
37153,North Carolina,Richmond,10231,9214,11248,1.28,11361,,10196,24,24,25,1.57,4.4,4.2,4.5,1.10,4.6,4.4,4.8,1.23,,11,10,12,1.42,15,8,9,23,22,23,1.78,36,30,43,1.24,6.3,1.04,30,25,36,0.85,40,1.50,14,14,15,-1.03,15,53,28,21,36,-0.10,460,1006,1.68,53,48,57,1.74,66,57,41,5623,15,13,17,0.54,19,42,2391:1,0.40,14,31,3210:1,0.40,60,134,749:1,0.17,4327,94,85,103,2.68,1107,83,78,88,0.98,78,85,591,66.3,59.8,72.9,0.14,71.9,64.7,627,81,1.08,5428,10957,49.5,44.2,54.9,0.86,1178,16883,7.0,1.13,38,30,47,1.68,54,62,27,68728,12994,5.3,1.02,5481,10616,52,44,59,1.47,68,15.0,-0.46,209,446,1.14,190,83,71,95,0.26,9.3,0.41,Yes,1.39,2950,16,14,18,-0.10,83,81,85,0.31,81,,88,14187,26,22,30,-0.80,
37155,North Carolina,Robeson,12129,11446,12813,2.50,13689,6269,11931,29,29,30,3.06,5.4,5.3,5.6,3.75,5.4,5.2,5.6,3.97,,12,11,12,1.74,15,7,11,27,27,28,3.84,39,35,42,1.84,6.3,1.04,33,30,37,1.81,53,0.79,14,13,14,-1.12,62,216,29,25,32,-0.06,1333,989,1.62,52,49,54,1.63,44,76,35,21958,20,18,21,2.50,54,40,2485:1,0.45,32,24,4164:1,0.67,211,158,631:1,-0.05,9409,96,90,103,2.85,2469,84,81,88,0.74,85,84,1191,56.6,52.3,60.9,1.96,61.3,55.1,1765,87,-0.34,15484,33699,45.9,43.7,48.2,1.25,4018,50767,7.9,1.92,38,33,44,1.70,51,55,24,67189,11998,5.6,1.57,18056,34507,52,49,55,1.55,150,11.2,0.54,881,650,2.50,741,110,102,118,1.89,9.4,0.55,No,-0.71,8570,19,18,20,0.87,86,85,87,1.03,85,66,91,40891,30,29,32,-0.36,
37157,North Carolina,Rockingham,9318,8586,10051,0.70,12054,,9213,18,18,19,-0.08,4.0,3.9,4.2,0.22,4.3,4.1,4.5,0.37,,9,9,10,0.06,14,6,8,20,19,20,0.41,35,30,40,0.91,6.6,0.69,29,25,34,0.68,66,0.10,15,15,16,-0.37,22,78,28,22,34,-0.11,323,352,-0.64,36,33,39,0.14,35,56,35,9786,13,12,15,-0.38,35,38,2622:1,0.52,30,33,3046:1,0.33,103,113,887:1,0.34,5839,64,58,71,0.69,1087,88,82,94,0.03,87,88,670,62.7,56.7,68.7,0.82,64.0,62.5,1055,81,1.08,10654,20914,50.9,47.2,54.6,0.71,2325,41359,5.6,-0.02,27,21,33,0.14,42,31,24,79250,16435,4.8,0.19,7740,18974,41,35,46,0.30,133,14.5,-0.33,207,225,-0.34,403,88,79,96,0.54,9.3,0.41,Yes,1.39,5445,14,13,16,-0.71,86,84,87,0.89,84,77,87,31946,38,35,41,0.49,
37159,North Carolina,Rowan,9514,8920,10109,0.82,11668,4085,9638,16,15,16,-0.82,3.6,3.4,3.8,-0.85,3.9,3.7,4.1,-1.04,,10,9,10,0.19,13,7,9,19,19,20,0.30,34,29,39,0.60,7.0,0.23,29,25,34,0.59,85,-0.89,17,16,18,0.40,33,125,26,22,31,-0.28,884,638,0.37,35,33,38,0.09,46,70,27,15541,14,12,15,-0.09,58,42,2399:1,0.41,58,41,2413:1,0.00,279,199,502:1,-0.40,9016,56,51,61,0.12,1664,90,86,95,-0.42,89,90,969,64.6,59.5,69.7,0.46,72.7,63.8,1534,85,0.14,18337,33781,54.3,51.0,57.6,0.34,3590,65327,5.5,-0.12,26,21,31,0.00,48,38,18,83868,18376,4.6,-0.27,12477,31163,40,36,44,0.21,206,14.8,-0.42,465,346,0.48,671,97,89,104,1.08,10.0,1.38,No,-0.71,8230,16,14,17,-0.21,83,81,85,0.23,81,77,85,47264,29,27,31,-0.48,
37161,North Carolina,Rutherford,9768,8880,10656,0.99,10640,8101,9787,19,18,19,-0.05,3.9,3.8,4.1,0.03,4.3,4.1,4.5,0.25,,9,8,10,-0.23,14,9,8,19,18,20,0.24,31,25,37,-0.15,6.8,0.46,28,22,34,0.20,62,0.34,16,15,16,-0.26,7,45,16,9,24,-1.33,226,339,-0.69,41,38,44,0.60,43,43,40,6946,13,12,15,-0.37,34,51,1953:1,0.09,16,24,4151:1,0.67,82,123,810:1,0.25,7461,46,41,51,-0.58,1476,86,82,91,0.33,85,87,909,58.1,53.1,63.0,1.68,55.4,58.3,718,84,0.42,7780,14833,52.5,47.7,57.2,0.54,1668,24946,6.7,0.88,26,19,33,0.04,43,51,23,69088,15952,4.3,-0.68,5598,14106,40,34,46,0.18,139,20.9,-2.03,100,158,-0.78,303,91,81,101,0.73,9.8,1.11,No,-0.71,3955,15,12,17,-0.59,80,77,83,-0.56,72,,83,20005,32,28,35,-0.19,
37163,North Carolina,Sampson,9593,8736,10451,0.87,13338,5971,9324,22,21,22,0.90,4.1,4.0,4.3,0.46,4.3,4.1,4.4,0.22,,9,8,10,-0.11,15,6,8,21,20,21,0.88,35,29,41,0.91,7.6,-0.46,32,26,39,1.41,51,0.89,14,14,15,-0.93,24,88,27,22,33,-0.20,329,514,-0.07,50,46,53,1.44,48,83,34,9835,19,17,21,2.13,27,42,2360:1,0.38,22,35,2869:1,0.25,21,33,3006:1,1.03,5411,69,62,76,1.00,1207,87,82,92,0.25,87,87,606,63.0,56.7,69.4,0.75,64.4,62.5,823,84,0.45,7265,15421,47.1,42.9,51.3,1.13,1621,29801,5.4,-0.17,29,22,36,0.42,49,48,19,72896,15519,4.7,-0.03,5916,15620,38,32,44,-0.02,92,14.4,-0.32,133,210,-0.43,294,92,82,103,0.81,9.5,0.69,No,-0.71,4375,19,17,21,0.81,81,79,83,-0.25,81,70,83,21291,35,32,39,0.17,
37165,North Carolina,Scotland,10098,8910,11285,1.20,10144,,10260,28,27,29,2.62,4.9,4.8,5.1,2.49,4.9,4.7,5.0,2.22,,13,12,14,2.52,15,15,10,23,22,24,1.96,35,29,42,0.96,5.4,2.07,27,22,34,0.14,77,-0.45,13,13,14,-1.36,11,36,31,22,39,0.12,339,953,1.50,56,51,61,2.04,67,,40,3996,15,13,16,0.31,23,65,1544:1,-0.36,9,26,3916:1,0.62,58,165,608:1,-0.10,3136,68,59,77,0.93,747,79,72,85,1.84,80,78,386,67.1,58.9,75.3,-0.01,68.5,66.4,433,82,0.84,4188,8434,49.7,44.9,54.4,0.85,1073,11693,9.2,2.99,39,30,47,1.75,66,50,25,65932,11504,5.7,1.80,4471,8315,54,49,58,1.70,53,14.9,-0.45,224,633,2.39,156,87,74,101,0.53,9.4,0.55,No,-0.71,2755,21,18,24,1.75,88,86,89,1.47,87,,87,9744,24,20,27,-1.04,
37167,North Carolina,Stanly,8115,7285,8945,-0.07,10828,,8051,16,16,17,-0.75,3.6,3.4,3.7,-0.92,4.0,3.8,4.1,-0.86,,9,9,10,0.15,16,4,9,19,18,20,0.07,29,24,35,-0.59,7.8,-0.69,27,22,32,0.00,76,-0.41,18,17,18,0.79,11,47,23,16,31,-0.57,273,451,-0.29,33,30,36,-0.11,49,53,29,6193,13,11,14,-0.56,27,44,2249:1,0.31,21,35,2895:1,0.27,120,197,507:1,-0.38,5415,58,51,64,0.24,1211,92,87,98,-0.81,92,92,665,66.8,60.6,73.0,0.05,71.4,66.5,656,89,-0.79,8115,14217,57.1,52.6,61.6,0.04,1368,29427,4.6,-0.84,21,16,26,-0.74,50,44,19,86064,18850,4.6,-0.27,4670,13113,36,31,40,-0.27,105,17.3,-1.07,113,221,-0.36,236,78,68,88,-0.05,10.0,1.38,Yes,1.39,3500,15,13,17,-0.55,84,82,86,0.47,79,60,83,21984,36,33,39,0.20,
37169,North Carolina,Stokes,8414,7363,9466,0.12,13950,,8317,15,14,15,-1.19,3.6,3.4,3.8,-0.93,4.0,3.8,4.2,-0.71,,9,8,10,-0.24,21,15,8,17,16,18,-0.92,29,23,35,-0.56,7.7,-0.57,30,24,36,0.76,64,0.23,17,16,18,0.48,20,42,48,40,54,1.77,154,332,-0.71,24,21,27,-1.02,40,22,23,4736,13,11,14,-0.57,12,26,3863:1,0.93,6,13,7683:1,1.10,13,28,3546:1,1.07,2006,68,56,80,0.95,371,88,79,98,-0.06,89,88,251,57.0,47.6,66.3,1.89,,,578,90,-1.04,5912,10339,57.2,51.4,63.0,0.03,1056,22110,4.8,-0.73,18,13,23,-1.10,25,49,19,80902,17429,4.6,-0.13,3050,9317,33,25,40,-0.58,47,10.1,0.81,145,308,0.22,217,93,81,106,0.89,9.2,0.27,Yes,1.39,2500,13,11,16,-1.13,85,82,88,0.79,81,,81,16931,45,40,49,1.16,
37171,North Carolina,Surry,8338,7560,9115,0.07,9224,,8920,20,19,21,0.35,4.1,3.9,4.3,0.49,4.4,4.1,4.6,0.51,,8,7,9,-0.83,15,5,8,19,18,20,0.15,30,25,37,-0.30,8.0,-0.92,29,24,35,0.54,49,0.99,15,14,16,-0.48,21,82,26,20,32,-0.36,200,274,-0.92,37,34,40,0.21,37,50,34,9242,16,14,18,0.84,41,56,1774:1,-0.08,30,42,2404:1,-0.01,76,105,949:1,0.41,5342,69,62,76,0.99,1047,90,84,95,-0.31,89,90,608,64.3,57.9,70.7,0.51,,,867,91,-1.20,8532,16501,51.7,48.1,55.3,0.63,1618,33771,4.8,-0.72,25,19,31,-0.11,39,43,19,78289,16549,4.7,0.03,4506,15814,28,24,33,-1.04,103,14.2,-0.25,165,224,-0.34,302,83,74,92,0.25,9.2,0.27,Yes,1.39,4360,15,13,17,-0.57,86,85,87,1.03,88,73,87,25126,32,29,34,-0.20,
37173,North Carolina,Swain,11550,9533,13568,2.13,,,,22,22,23,1.05,4.6,4.4,4.7,1.60,4.9,4.7,5.1,2.36,,8,7,10,-0.57,,,,23,22,24,1.96,29,23,36,-0.59,7.6,-0.46,27,21,34,-0.03,97,-1.53,16,16,17,0.03,2,12,17,4,34,-1.22,131,918,1.37,61,53,70,2.52,,64,58,2089,18,16,20,1.76,13,90,1110:1,-1.19,11,77,1304:1,-1.36,35,244,410:1,-0.78,1723,72,59,86,1.22,419,45,39,52,3.00,,,223,52.9,43.4,62.5,2.64,,,140,83,0.72,1975,3337,59.2,49.8,68.6,-0.19,439,7224,6.1,0.37,25,18,32,-0.10,,,,73167,15212,4.8,0.17,1534,3194,48,37,59,1.08,17,11.8,0.38,42,299,0.16,61,86,66,110,0.42,8.3,-0.99,Yes,1.39,670,13,8,17,-1.40,86,85,87,1.01,,,,4607,20,15,24,-1.49,
37175,North Carolina,Transylvania,7026,5837,8215,-0.77,7947,,7364,16,15,17,-0.82,3.7,3.5,3.9,-0.63,4.1,3.9,4.3,-0.33,,9,8,10,-0.27,13,12,8,17,16,18,-0.78,26,21,31,-1.54,8.3,-1.26,25,19,31,-0.62,87,-1.00,15,15,16,-0.29,4,22,18,8,31,-1.08,77,233,-1.07,26,22,30,-0.76,24,,26,3151,14,12,15,-0.15,25,75,1328:1,-0.70,11,33,3044:1,0.33,71,212,472:1,-0.51,4436,31,26,36,-1.56,519,91,82,99,-0.48,96,90,507,63.1,56.2,70.0,0.74,,,258,85,0.14,3730,6113,61.0,53.7,68.3,-0.39,682,14009,4.9,-0.65,31,24,37,0.63,74,,20,80548,21182,3.8,-1.62,2072,5394,38,29,47,0.04,65,19.6,-1.67,46,139,-0.91,154,93,78,108,0.86,8.5,-0.71,Yes,1.39,1560,11,9,13,-1.82,80,77,83,-0.56,,,,10464,38,33,43,0.43,
37177,North Carolina,Tyrrell,9149,7030,11705,0.59,,,,24,23,24,1.38,4.4,4.2,4.5,1.09,4.3,4.1,4.5,0.29,,12,8,15,1.58,13,,10,21,21,22,1.18,33,26,40,0.26,6.7,0.58,25,20,33,-0.43,59,0.48,15,14,15,-0.77,0,2,0,0,51,-2.83,10,243,-1.03,35,23,53,0.09,,,,525,19,17,22,2.31,,,,0.00,,,,0.00,,,,0.00,417,64,41,88,0.68,108,85,68,100,0.57,84,86,45,57.8,35.6,80.0,1.73,,,,,0.00,292,1032,28.3,18.2,38.3,3.00,128,1519,8.4,2.35,38,28,49,1.68,73,,9,63930,12321,5.2,0.84,412,717,57,29,86,2.10,8,19.7,-1.70,7,164,-0.74,13,63,33,107,-0.96,7.4,-2.24,No,-0.71,210,14,9,20,-0.71,81,71,92,-0.20,,,,1131,42,29,54,0.82,
37179,North Carolina,Union,5589,5231,5947,-1.69,9739,3178,5262,14,14,15,-1.29,3.2,3.0,3.3,-1.91,3.8,3.6,3.9,-1.49,,8,8,8,-0.90,16,7,6,15,14,15,-1.82,28,25,32,-0.82,8.5,-1.49,21,18,25,-1.56,66,0.11,18,17,19,1.11,34,107,32,27,37,0.24,901,412,-0.43,18,17,19,-1.56,36,40,11,22140,11,10,12,-1.22,135,61,1650:1,-0.22,59,26,3841:1,0.60,253,112,896:1,0.35,13030,44,40,48,-0.69,2482,92,88,95,-0.67,90,92,1682,66.5,62.6,70.4,0.10,66.7,66.5,3077,93,-1.79,35945,53674,67.0,64.5,69.5,-1.04,5053,116393,4.3,-1.10,12,9,15,-1.95,19,33,7,126903,31062,4.1,-1.12,13072,61130,21,19,24,-1.81,162,7.3,1.57,445,211,-0.43,481,44,40,48,-2.06,10.4,1.94,Yes,1.39,9385,14,12,15,-1.04,81,80,82,-0.25,78,68,77,82312,47,45,48,1.37,
37181,North Carolina,Vance,11139,10013,12264,1.87,12767,,10386,24,23,24,1.45,4.5,4.3,4.6,1.39,4.6,4.4,4.8,1.30,,12,11,13,2.15,15,6,10,21,21,22,1.13,38,31,45,1.68,6.0,1.38,32,26,38,1.44,75,-0.34,13,13,14,-1.48,25,49,51,45,57,2.10,528,1184,2.32,52,48,57,1.68,59,75,33,5020,14,12,15,-0.14,16,36,2786:1,0.60,21,47,2107:1,-0.23,77,174,575:1,-0.18,3406,79,70,88,1.65,705,88,81,95,-0.05,89,88,428,64.3,56.7,71.8,0.52,63.1,64.9,493,78,1.78,4557,10098,45.1,39.4,50.8,1.34,1300,18079,7.2,1.31,36,27,45,1.36,49,47,12,69978,13070,5.4,1.13,5937,10270,58,51,65,2.14,71,15.9,-0.71,272,601,2.18,203,91,78,103,0.73,8.9,-0.15,No,-0.71,3080,18,16,21,0.74,84,81,86,0.41,81,64,88,13945,24,21,28,-0.99,
37183,North Carolina,Wake,4514,4367,4660,-2.38,7358,2957,4041,13,12,13,-1.74,2.9,2.8,3.0,-2.58,3.6,3.5,3.7,-2.00,,8,8,8,-0.87,12,6,7,14,13,14,-2.34,23,21,25,-2.21,7.9,-0.80,17,15,19,-2.77,92,-1.27,20,19,21,2.09,131,353,37,35,40,0.75,5771,578,0.16,16,15,16,-1.76,28,44,6,87652,10,9,10,-1.93,876,86,1169:1,-1.04,715,68,1464:1,-1.04,2775,265,377:1,-0.96,54878,39,38,41,-1.00,7990,91,88,93,-0.47,88,91,6663,69.7,67.7,71.7,-0.50,66.7,70.2,11467,86,-0.16,239662,303034,79.1,77.8,80.4,-2.36,23681,558950,4.2,-1.19,12,10,13,-2.03,25,37,5,134509,31578,4.3,-0.81,67020,247799,27,26,28,-1.19,988,9.6,0.94,2336,245,-0.21,2035,41,39,43,-2.27,9.8,1.11,Yes,1.39,52470,15,14,15,-0.60,79,79,80,-0.69,80,63,83,405624,33,32,34,-0.06,
37185,North Carolina,Warren,8851,7162,10540,0.40,10005,,8396,24,23,25,1.51,4.5,4.3,4.7,1.43,4.6,4.4,4.7,1.14,,13,11,14,2.28,15,13,9,21,21,22,1.20,37,30,44,1.40,6.1,1.27,31,25,38,1.27,47,1.14,13,12,13,-1.69,9,28,32,22,42,0.27,163,806,0.97,38,32,44,0.34,46,57,25,2471,17,15,19,1.22,2,10,10078:1,1.46,4,20,4977:1,0.83,11,55,1810:1,0.84,1667,73,61,85,1.24,358,87,77,97,0.24,85,89,216,72.7,61.3,84.1,-1.05,73.9,71.3,198,73,3.00,1988,3933,50.5,42.7,58.4,0.75,527,7240,7.3,1.38,40,31,48,1.86,36,52,22,69701,13503,5.2,0.79,1733,3756,46,37,55,0.88,29,14.4,-0.31,46,231,-0.30,61,60,46,77,-1.11,8.7,-0.43,No,-0.71,1570,20,16,23,1.27,85,82,88,0.79,88,,81,5828,44,38,50,1.06,
37187,North Carolina,Washington,8200,6367,10033,-0.02,9367,,7612,24,23,25,1.56,4.4,4.2,4.6,1.20,4.5,4.4,4.7,1.11,,11,9,13,0.95,12,,10,19,19,20,0.23,32,25,40,0.19,5.5,1.96,29,23,36,0.65,76,-0.40,12,12,13,-1.88,1,9,11,1,33,-1.76,93,740,0.74,41,33,48,0.59,46,,32,1322,14,12,16,-0.11,3,24,4128:1,0.98,3,25,4065:1,0.65,12,98,1016:1,0.47,1635,64,52,75,0.65,409,89,80,99,-0.27,92,87,201,63.2,52.2,74.2,0.72,57.8,67.6,138,88,-0.45,1112,2398,46.4,35.9,56.9,1.21,365,4921,7.4,1.50,43,33,54,2.38,58,,29,66261,12794,5.2,0.82,1680,2711,62,48,76,2.59,26,21.0,-2.05,42,328,0.35,42,67,48,91,-0.69,8.1,-1.27,Yes,1.39,910,18,13,23,0.48,79,75,83,-0.79,83,,87,3478,30,21,39,-0.41,
37189,North Carolina,Watauga,5492,4621,6363,-1.76,,,,19,18,19,-0.05,4.3,4.1,4.5,0.83,4.5,4.3,4.8,1.06,,7,6,8,-1.70,,8,7,20,19,21,0.63,27,21,34,-1.13,7.2,0.00,20,15,25,-2.07,93,-1.29,20,19,21,2.05,13,30,43,34,52,1.36,200,381,-0.54,6,5,7,-2.66,,25,6,5258,13,11,15,-0.38,42,79,1260:1,-0.84,35,65,1541:1,-0.91,213,395,253:1,-2.07,3441,44,37,52,-0.66,468,91,82,100,-0.57,,,396,68.7,60.5,76.8,-0.30,,,372,88,-0.57,7763,10222,75.9,69.4,82.5,-2.02,1246,27991,4.5,-1.00,20,15,24,-0.92,,68,18,86193,11673,7.4,4.73,1683,6831,25,18,31,-1.46,78,14.7,-0.40,63,121,-1.03,162,61,52,71,-1.03,8.1,-1.27,Yes,1.39,5570,28,24,31,3.99,73,71,75,-2.29,57,45,76,16756,21,18,24,-1.31,
37191,North Carolina,Wayne,8301,7738,8865,0.05,10469,4285,7755,21,20,21,0.64,4.1,3.9,4.2,0.36,4.3,4.1,4.4,0.23,,8,8,9,-0.64,12,6,7,20,19,20,0.46,38,33,43,1.73,6.5,0.81,30,26,35,0.96,51,0.89,15,15,16,-0.48,36,110,33,28,38,0.33,907,729,0.70,42,39,44,0.67,53,53,30,14136,14,12,15,-0.13,61,49,2035:1,0.16,61,49,2035:1,-0.30,217,175,572:1,-0.19,9914,43,39,47,-0.76,1928,89,85,93,-0.12,86,90,1031,64.4,59.5,69.3,0.50,63.0,65.0,1441,85,0.14,18638,31654,58.9,55.4,62.4,-0.16,3128,53697,5.8,0.16,29,24,35,0.43,45,61,17,81906,17072,4.8,0.14,12775,29623,43,39,47,0.55,165,13.3,-0.02,475,389,0.76,411,66,60,73,-0.75,9.6,0.83,No,-0.71,7880,17,15,18,0.06,81,80,83,-0.19,79,64,87,42082,22,20,24,-1.20,
37193,North Carolina,Wilkes,9851,8953,10749,1.04,10414,6780,10033,19,18,19,-0.06,4.1,3.9,4.3,0.45,4.4,4.2,4.7,0.76,,9,8,10,-0.11,18,8,9,19,18,20,0.10,30,25,36,-0.43,7.5,-0.34,31,24,37,1.10,74,-0.29,16,15,16,-0.17,15,55,27,20,35,-0.20,197,286,-0.88,44,40,47,0.89,20,62,44,8595,16,14,18,0.83,29,42,2362:1,0.39,22,32,3125:1,0.36,107,156,642:1,-0.02,4749,75,67,83,1.38,918,89,83,95,-0.24,89,89,588,66.7,60.1,73.3,0.07,,,766,88,-0.57,7861,15253,51.5,46.6,56.5,0.64,1452,30285,4.8,-0.71,25,19,32,-0.10,27,52,25,73909,14926,5.0,0.42,4238,14501,29,23,35,-0.96,102,14.9,-0.44,151,217,-0.39,356,103,93,114,1.48,9.2,0.27,No,-0.71,4855,18,16,20,0.47,84,81,87,0.50,67,68,87,22946,28,24,31,-0.65,
37195,North Carolina,Wilson,8535,7796,9274,0.20,10788,3560,7710,21,20,22,0.63,4.1,4.0,4.3,0.49,4.2,4.0,4.3,-0.18,,11,10,12,1.17,15,8,7,20,19,20,0.47,33,28,38,0.39,6.7,0.58,27,22,32,0.08,71,-0.15,15,14,15,-0.67,25,68,37,31,43,0.72,656,806,0.97,42,39,45,0.71,56,77,18,10020,15,13,17,0.42,37,45,2208:1,0.29,30,37,2722:1,0.18,102,125,801:1,0.24,7475,59,54,65,0.35,1951,91,86,95,-0.47,90,91,1067,68.7,63.7,73.7,-0.31,63.6,70.7,929,82,0.84,10019,19262,52.0,48.0,56.0,0.59,2974,36717,8.1,2.08,36,31,41,1.35,53,62,9,79546,16388,4.9,0.24,8835,19099,46,42,51,0.89,96,11.7,0.39,315,394,0.79,282,69,61,77,-0.57,9.4,0.55,No,-0.71,6165,19,17,21,1.01,82,80,84,-0.03,79,66,87,28134,21,19,24,-1.30,
37197,North Carolina,Yadkin,8812,7686,9939,0.37,10219,,9187,18,17,19,-0.16,3.9,3.7,4.1,-0.05,4.2,4.0,4.4,0.07,,10,9,11,0.60,,8,11,18,18,19,-0.12,33,26,39,0.26,8.4,-1.38,23,17,29,-1.13,47,1.13,17,16,17,0.28,13,36,36,27,45,0.66,89,236,-1.06,32,29,36,-0.19,32,41,31,4422,15,13,16,0.23,11,29,3417:1,0.82,7,19,5362:1,0.88,24,64,1564:1,0.76,2054,68,57,80,0.96,402,90,81,100,-0.43,100,90,239,71.5,60.8,82.3,-0.84,,,435,90,-1.04,4506,8719,51.7,46.1,57.3,0.63,777,17727,4.4,-1.06,21,15,27,-0.67,44,50,23,76917,17145,4.5,-0.41,2704,8248,33,26,40,-0.57,59,15.7,-0.65,109,300,0.17,165,87,74,101,0.52,9.5,0.69,Yes,1.39,1930,13,11,15,-1.33,82,80,84,-0.07,,76,81,12439,43,38,47,0.95,
37199,North Carolina,Yancey,6885,5473,8298,-0.86,,,,17,16,18,-0.49,3.9,3.7,4.1,-0.01,4.4,4.2,4.6,0.57,,9,7,10,-0.45,,,,18,17,19,-0.42,29,23,37,-0.53,8.1,-1.03,29,21,38,0.73,100,-1.68,15,15,16,-0.31,5,21,24,12,36,-0.53,26,148,-1.37,42,35,49,0.74,,120,35,1801,14,12,15,-0.23,14,80,1256:1,-0.85,5,28,3536:1,0.51,32,181,552:1,-0.24,2169,45,36,54,-0.61,299,88,78,99,-0.04,,,244,63.5,53.5,73.5,0.66,,,172,93,-1.63,2053,3828,53.6,45.6,61.6,0.42,389,7535,5.2,-0.40,28,21,35,0.28,,69,25,76112,15841,4.8,0.16,948,3353,28,19,37,-1.06,21,11.9,0.34,13,72,-1.36,86,98,78,121,1.14,8.4,-0.85,No,-0.71,1015,14,11,17,-0.86,80,76,83,-0.66,,,,5268,41,35,47,0.77,
